region,lat,lon,population,d_internal
AB,52.38412210291498,-113.76747270358125,4262635,226.14100724828268
BC,49.61542965531739,-122.52125956623125,5000879,191.4872051363807
MB,50.181557035434864,-97.61237491341599,1342153,136.1426531429614
NB,46.27191819289721,-65.88899110920823,775610,146.38935017664863
NL,48.37953248065615,-54.710398251219274,510550,255.4443055168877
NS,44.99917681119021,-63.364354100079126,969383,140.80251605802906
NT,63.239276971999026,-118.20269759773556,41070,428.9142422363632
NU,65.79775782934506,-83.73487939028163,36858,891.490401341206
ON,44.00934090740043,-79.5843766512985,14223942,208.85736871553135
PE,46.33863418808276,-63.29457869026314,154331,44.876118862193316
QC,46.09316905177154,-72.98991150667968,8501833,185.88866869804184
SK,51.656462851830234,-105.71688714273402,1132505,232.61168573211754
USA,37.696987,-91.809567,,1137.5938128222197
ROW,43.238949,76.889709,,4302.124463119961
