origin,dest,distance_km,d_internal_origin,d_internal_dest,distance_normalized,adjacent
AB,AB,172.87166489309962,172.87166489309962,172.87166489309962,1,0
AB,BC,685.7294361975453,172.87166489309962,137.22506041382078,4.452194923515309,1
AB,MB,1148.6494421675945,172.87166489309962,101.1675858276633,8.685701609673586,0
AB,NB,3472.928787907109,172.87166489309962,110.58288257314,25.118286959457247,0
AB,NL,4097.864646771864,172.87166489309962,199.7445317454658,22.052521428999654,0
AB,NS,3713.9965767692843,172.87166489309962,99.55553596846029,28.31045728774418,0
AB,NT,1235.9525312514959,172.87166489309962,352.8136655601313,5.004574800782324,1
AB,NU,2236.936430108497,172.87166489309962,676.0234570073017,6.543511232762109,0
AB,ON,2672.3909570434066,172.87166489309962,136.93772106979105,17.36906890953001,0
AB,PE,3643.36125437823,172.87166489309962,32.648800163264355,48.49608892055134,0
AB,QC,3002.522722333932,172.87166489309962,136.01900681687871,19.580536886000935,0
AB,SK,557.1139501406196,172.87166489309962,171.51522912795156,3.235420866539349,1
AB,YT,1609.4873552925778,172.87166489309962,80.3252497723145,13.65839346153378,0
AB,USA,2360.558467552815,172.87166489309962,1137.5938128222197,5.323034043983531,1
AB,ROW,9343.622741167652,172.87166489309962,4302.124463119961,10.834575552530909,0
BC,AB,685.7294361975453,137.22506041382078,172.87166489309962,4.452194923515309,1
BC,BC,137.22506041382078,137.22506041382078,137.22506041382078,1,0
BC,MB,1778.9062430049391,137.22506041382078,101.1675858276633,15.09786892633204,0
BC,NB,4138.610841763871,137.22506041382078,110.58288257314,33.59649121975922,0
BC,NL,4781.145524864517,137.22506041382078,199.7445317454658,28.878710553194527,0
BC,NS,4378.344090445408,137.22506041382078,99.55553596846029,37.459369798401944,0
BC,NT,1538.8679419797345,137.22506041382078,352.8136655601313,6.9937795351730925,1
BC,NU,2850.150319554902,137.22506041382078,676.0234570073017,9.35772261622624,0
BC,ON,3283.6307806005593,137.22506041382078,136.93772106979105,23.953890212636118,0
BC,PE,4313.323497285886,137.22506041382078,32.648800163264355,64.44091570197733,0
BC,QC,3653.0793710852217,137.22506041382078,136.01900681687871,26.738841894189218,0
BC,SK,1205.1735879968894,137.22506041382078,171.51522912795156,7.855639515755842,0
BC,YT,1493.412852884005,137.22506041382078,80.3252497723145,14.224503846425735,1
BC,USA,2779.4787776493577,137.22506041382078,1137.5938128222197,7.034820757682422,1
BC,ROW,9529.536601185595,137.22506041382078,4302.124463119961,12.402624115252594,0
MB,AB,1148.6494421675945,101.1675858276633,172.87166489309962,8.685701609673586,0
MB,BC,1778.9062430049391,101.1675858276633,137.22506041382078,15.09786892633204,0
MB,MB,101.1675858276633,101.1675858276633,101.1675858276633,1,0
MB,NB,2373.738730503649,101.1675858276633,110.58288257314,22.44234680913881,0
MB,NL,3078.788525461875,101.1675858276633,199.7445317454658,21.658167923898514,0
MB,NS,2610.5717841209657,101.1675858276633,99.55553596846029,26.012508735837123,0
MB,NT,1905.0578687678426,101.1675858276633,352.8136655601313,10.08358074017095,0
MB,NU,1911.557242303529,101.1675858276633,676.0234570073017,7.309467368376863,1
MB,ON,1523.918495915471,101.1675858276633,136.93772106979105,12.947308579877738,1
MB,PE,2555.6511853945117,101.1675858276633,32.648800163264355,44.46796668786276,0
MB,QC,1875.5257404458935,101.1675858276633,136.01900681687871,15.988309106461005,0
MB,SK,591.6227649482772,101.1675858276633,171.51522912795156,4.491308009957171,1
MB,YT,2602.1983458626933,101.1675858276633,80.3252497723145,28.866468830803527,0
MB,USA,1464.4099431600569,101.1675858276633,1137.5938128222197,4.3166651897115305,1
MB,ROW,9624.272016476412,101.1675858276633,4302.124463119961,14.58833442738003,0
NB,AB,3472.928787907109,110.58288257314,172.87166489309962,25.118286959457247,0
NB,BC,4138.610841763871,110.58288257314,137.22506041382078,33.59649121975922,0
NB,MB,2373.738730503649,110.58288257314,101.1675858276633,22.44234680913881,0
NB,NB,110.58288257314,110.58288257314,110.58288257314,1,0
NB,NL,874.6046967487683,110.58288257314,199.7445317454658,5.884782317076082,0
NB,NS,242.23909275656246,110.58288257314,99.55553596846029,2.308700359805438,1
NB,NT,3710.4629631888233,110.58288257314,352.8136655601313,18.785010774401552,0
NB,NU,2420.4013179215676,110.58288257314,676.0234570073017,8.852430884426923,0
NB,ON,1102.9518148087625,110.58288257314,136.93772106979105,8.962951333835209,0
NB,PE,199.64282922013422,110.58288257314,32.648800163264355,3.322585379506413,1
NB,QC,547.4711060286176,110.58288257314,136.01900681687871,4.463930766964556,1
NB,SK,2933.4392047399583,110.58288257314,171.51522912795156,21.3001074730136,0
NB,YT,4603.4113157392785,110.58288257314,80.3252497723145,48.84383835675702,0
NB,USA,2333.8068170213605,110.58288257314,1137.5938128222197,6.580021916326929,1
NB,ROW,9418.083412908045,110.58288257314,4302.124463119961,13.654540626138612,0
NL,AB,4097.864646771864,199.7445317454658,172.87166489309962,22.052521428999654,0
NL,BC,4781.145524864517,199.7445317454658,137.22506041382078,28.878710553194527,0
NL,MB,3078.788525461875,199.7445317454658,101.1675858276633,21.658167923898514,0
NL,NB,874.6046967487683,199.7445317454658,110.58288257314,5.884782317076082,0
NL,NL,199.7445317454658,199.7445317454658,199.7445317454658,1,0
NL,NS,759.7928023108227,199.7445317454658,99.55553596846029,5.387968131084383,0
NL,NT,4094.0101882148206,199.7445317454658,352.8136655601313,15.42193152659753,0
NL,NU,2569.41153784079,199.7445317454658,676.0234570073017,6.992224081437719,0
NL,ON,1967.9038617700362,199.7445317454658,136.93772106979105,11.89884700911547,0
NL,PE,685.5715800637342,199.7445317454658,32.648800163264355,8.489492786563845,0
NL,QC,1401.3468345295755,199.7445317454658,136.01900681687871,8.501751128872916,1
NL,SK,3591.694977564563,199.7445317454658,171.51522912795156,19.404866267506154,0
NL,YT,5007.8936164607585,199.7445317454658,80.3252497723145,39.53589755996254,0
NL,USA,3206.158522581849,199.7445317454658,1137.5938128222197,6.725954597756301,0
NL,ROW,8793.918929337638,199.7445317454658,4302.124463119961,9.486445649088543,0
NS,AB,3713.9965767692843,99.55553596846029,172.87166489309962,28.31045728774418,0
NS,BC,4378.344090445408,99.55553596846029,137.22506041382078,37.459369798401944,0
NS,MB,2610.5717841209657,99.55553596846029,101.1675858276633,26.012508735837123,0
NS,NB,242.23909275656246,99.55553596846029,110.58288257314,2.308700359805438,1
NS,NL,759.7928023108227,99.55553596846029,199.7445317454658,5.387968131084383,0
NS,NS,99.55553596846029,99.55553596846029,99.55553596846029,1,0
NS,NT,3945.2067381968445,99.55553596846029,352.8136655601313,21.05059421767535,0
NS,NU,2621.6790602911174,99.55553596846029,676.0234570073017,10.105689147278433,0
NS,ON,1290.2848672141743,99.55553596846029,136.93772106979105,11.050739678548839,0
NS,PE,149.20645506126627,99.55553596846029,32.648800163264355,2.617105872938843,0
NS,QC,759.7435835807198,99.55553596846029,136.01900681687871,6.528817573711207,0
NS,SK,3173.255719317373,99.55553596846029,171.51522912795156,24.28404450735102,0
NS,YT,4840.753844232256,99.55553596846029,80.3252497723145,54.132021956094434,0
NS,USA,2496.976521469692,99.55553596846029,1137.5938128222197,7.419730664799774,0
NS,ROW,9454.772084353042,99.55553596846029,4302.124463119961,14.44697334635295,0
NT,AB,1235.9525312514959,352.8136655601313,172.87166489309962,5.004574800782324,1
NT,BC,1538.8679419797345,352.8136655601313,137.22506041382078,6.9937795351730925,1
NT,MB,1905.0578687678426,352.8136655601313,101.1675858276633,10.08358074017095,0
NT,NB,3710.4629631888233,352.8136655601313,110.58288257314,18.785010774401552,0
NT,NL,4094.0101882148206,352.8136655601313,199.7445317454658,15.42193152659753,0
NT,NS,3945.2067381968445,352.8136655601313,99.55553596846029,21.05059421767535,0
NT,NT,352.8136655601313,352.8136655601313,352.8136655601313,1,0
NT,NU,1653.16461321503,352.8136655601313,676.0234570073017,3.385029972483387,1
NT,ON,3244.4490143255816,352.8136655601313,136.93772106979105,14.760691602211786,0
NT,PE,3834.5072380923643,352.8136655601313,32.648800163264355,35.727551167896046,0
NT,QC,3374.4715289696815,352.8136655601313,136.01900681687871,15.403991467942129,0
NT,SK,1484.6942566586733,352.8136655601313,171.51522912795156,6.035496264054607,1
NT,YT,914.067052118268,352.8136655601313,80.3252497723145,5.429743491535328,1
NT,USA,3350.9769134047915,352.8136655601313,1137.5938128222197,5.289384350077157,0
NT,ROW,8109.017568511898,352.8136655601313,4302.124463119961,6.5819420888704,0
NU,AB,2236.936430108497,676.0234570073017,172.87166489309962,6.543511232762109,0
NU,BC,2850.150319554902,676.0234570073017,137.22506041382078,9.35772261622624,0
NU,MB,1911.557242303529,676.0234570073017,101.1675858276633,7.309467368376863,1
NU,NB,2420.4013179215676,676.0234570073017,110.58288257314,8.852430884426923,0
NU,NL,2569.41153784079,676.0234570073017,199.7445317454658,6.992224081437719,0
NU,NS,2621.6790602911174,676.0234570073017,99.55553596846029,10.105689147278433,0
NU,NT,1653.16461321503,676.0234570073017,352.8136655601313,3.385029972483387,1
NU,NU,676.0234570073017,676.0234570073017,676.0234570073017,1,0
NU,ON,2438.728781995569,676.0234570073017,136.93772106979105,8.015323828811397,0
NU,PE,2484.962673107989,676.0234570073017,32.648800163264355,16.726511517294526,0
NU,QC,2285.9322913048213,676.0234570073017,136.01900681687871,7.5384607867908,0
NU,SK,2000.6448267593537,676.0234570073017,171.51522912795156,5.875404462010492,0
NU,YT,2541.0757611369145,676.0234570073017,80.3252497723145,10.904623826144219,0
NU,USA,3171.436625748004,676.0234570073017,1137.5938128222197,3.6164423297595274,0
NU,ROW,7785.113462127987,676.0234570073017,4302.124463119961,4.565018883432402,0
ON,AB,2672.3909570434066,136.93772106979105,172.87166489309962,17.36906890953001,0
ON,BC,3283.6307806005593,136.93772106979105,137.22506041382078,23.953890212636118,0
ON,MB,1523.918495915471,136.93772106979105,101.1675858276633,12.947308579877738,1
ON,NB,1102.9518148087625,136.93772106979105,110.58288257314,8.962951333835209,0
ON,NL,1967.9038617700362,136.93772106979105,199.7445317454658,11.89884700911547,0
ON,NS,1290.2848672141743,136.93772106979105,99.55553596846029,11.050739678548839,0
ON,NT,3244.4490143255816,136.93772106979105,352.8136655601313,14.760691602211786,0
ON,NU,2438.728781995569,136.93772106979105,676.0234570073017,8.015323828811397,0
ON,ON,136.93772106979105,136.93772106979105,136.93772106979105,1,0
ON,PE,1301.9016121015168,136.93772106979105,32.648800163264355,19.470764497088048,0
ON,QC,567.8965858081299,136.93772106979105,136.01900681687871,4.1610976724933195,1
ON,SK,2115.5148859045726,136.93772106979105,171.51522912795156,13.803944155998597,0
ON,YT,4053.1102061931433,136.93772106979105,80.3252497723145,38.6456683260345,0
ON,USA,1244.2554315201487,136.93772106979105,1137.5938128222197,3.152494855696735,1
ON,ROW,10047.177118011801,136.93772106979105,4302.124463119961,13.090041548100528,0
PE,AB,3643.36125437823,32.648800163264355,172.87166489309962,48.49608892055134,0
PE,BC,4313.323497285886,32.648800163264355,137.22506041382078,64.44091570197733,0
PE,MB,2555.6511853945117,32.648800163264355,101.1675858276633,44.46796668786276,0
PE,NB,199.64282922013422,32.648800163264355,110.58288257314,3.322585379506413,1
PE,NL,685.5715800637342,32.648800163264355,199.7445317454658,8.489492786563845,0
PE,NS,149.20645506126627,32.648800163264355,99.55553596846029,2.617105872938843,0
PE,NT,3834.5072380923643,32.648800163264355,352.8136655601313,35.727551167896046,0
PE,NU,2484.962673107989,32.648800163264355,676.0234570073017,16.726511517294526,0
PE,ON,1301.9016121015168,32.648800163264355,136.93772106979105,19.470764497088048,0
PE,PE,32.648800163264355,32.648800163264355,32.648800163264355,1,0
PE,QC,746.8323892558743,32.648800163264355,136.01900681687871,11.207009291619213,0
PE,SK,3108.576390235825,32.648800163264355,171.51522912795156,41.54096561542942,0
PE,YT,4734.453976707969,32.648800163264355,80.3252497723145,92.45070855321143,0
PE,USA,2529.570937077666,32.648800163264355,1137.5938128222197,13.125614334666539,0
PE,ROW,9320.49322109396,32.648800163264355,4302.124463119961,24.869313484296075,0
QC,AB,3002.522722333932,136.01900681687871,172.87166489309962,19.580536886000935,0
QC,BC,3653.0793710852217,136.01900681687871,137.22506041382078,26.738841894189218,0
QC,MB,1875.5257404458935,136.01900681687871,101.1675858276633,15.988309106461005,0
QC,NB,547.4711060286176,136.01900681687871,110.58288257314,4.463930766964556,1
QC,NL,1401.3468345295755,136.01900681687871,199.7445317454658,8.501751128872916,1
QC,NS,759.7435835807198,136.01900681687871,99.55553596846029,6.528817573711207,0
QC,NT,3374.4715289696815,136.01900681687871,352.8136655601313,15.403991467942129,0
QC,NU,2285.9322913048213,136.01900681687871,676.0234570073017,7.5384607867908,0
QC,ON,567.8965858081299,136.01900681687871,136.93772106979105,4.1610976724933195,1
QC,PE,746.8323892558743,136.01900681687871,32.648800163264355,11.207009291619213,0
QC,QC,136.01900681687871,136.01900681687871,136.01900681687871,1,0
QC,SK,2452.2490078727324,136.01900681687871,171.51522912795156,16.05511511819876,0
QC,YT,4239.511291298772,136.01900681687871,80.3252497723145,40.55925360413465,0
QC,USA,1811.297662308578,136.01900681687871,1137.5938128222197,4.604647786548668,1
QC,ROW,9657.812530613173,136.01900681687871,4302.124463119961,12.625177305168513,0
SK,AB,557.1139501406196,171.51522912795156,172.87166489309962,3.235420866539349,1
SK,BC,1205.1735879968894,171.51522912795156,137.22506041382078,7.855639515755842,0
SK,MB,591.6227649482772,171.51522912795156,101.1675858276633,4.491308009957171,1
SK,NB,2933.4392047399583,171.51522912795156,110.58288257314,21.3001074730136,0
SK,NL,3591.694977564563,171.51522912795156,199.7445317454658,19.404866267506154,0
SK,NS,3173.255719317373,171.51522912795156,99.55553596846029,24.28404450735102,0
SK,NT,1484.6942566586733,171.51522912795156,352.8136655601313,6.035496264054607,1
SK,NU,2000.6448267593537,171.51522912795156,676.0234570073017,5.875404462010492,0
SK,ON,2115.5148859045726,171.51522912795156,136.93772106979105,13.803944155998597,0
SK,PE,3108.576390235825,171.51522912795156,32.648800163264355,41.54096561542942,0
SK,QC,2452.2490078727324,171.51522912795156,136.01900681687871,16.05511511819876,0
SK,SK,171.51522912795156,171.51522912795156,171.51522912795156,1,0
SK,YT,2068.092002485385,171.51522912795156,80.3252497723145,17.619454922788826,0
SK,USA,1897.3943943437348,171.51522912795156,1137.5938128222197,4.295489468438712,1
SK,ROW,9470.80596076062,171.51522912795156,4302.124463119961,11.025393780395973,0
YT,AB,1609.4873552925778,80.3252497723145,172.87166489309962,13.65839346153378,0
YT,BC,1493.412852884005,80.3252497723145,137.22506041382078,14.224503846425735,1
YT,MB,2602.1983458626933,80.3252497723145,101.1675858276633,28.866468830803527,0
YT,NB,4603.4113157392785,80.3252497723145,110.58288257314,48.84383835675702,0
YT,NL,5007.8936164607585,80.3252497723145,199.7445317454658,39.53589755996254,0
YT,NS,4840.753844232256,80.3252497723145,99.55553596846029,54.132021956094434,0
YT,NT,914.067052118268,80.3252497723145,352.8136655601313,5.429743491535328,1
YT,NU,2541.0757611369145,80.3252497723145,676.0234570073017,10.904623826144219,0
YT,ON,4053.1102061931433,80.3252497723145,136.93772106979105,38.6456683260345,0
YT,PE,4734.453976707969,80.3252497723145,32.648800163264355,92.45070855321143,0
YT,QC,4239.511291298772,80.3252497723145,136.01900681687871,40.55925360413465,0
YT,SK,2068.092002485385,80.3252497723145,171.51522912795156,17.619454922788826,0
YT,YT,80.3252497723145,80.3252497723145,80.3252497723145,1,0
YT,USA,3955.6220777158733,80.3252497723145,1137.5938128222197,13.085645150939945,1
YT,ROW,8076.7118523548725,80.3252497723145,4302.124463119961,13.739377664055057,0
USA,AB,2360.558467552815,1137.5938128222197,172.87166489309962,5.323034043983531,1
USA,BC,2779.4787776493577,1137.5938128222197,137.22506041382078,7.034820757682422,1
USA,MB,1464.4099431600569,1137.5938128222197,101.1675858276633,4.3166651897115305,1
USA,NB,2333.8068170213605,1137.5938128222197,110.58288257314,6.580021916326929,1
USA,NL,3206.158522581849,1137.5938128222197,199.7445317454658,6.725954597756301,0
USA,NS,2496.976521469692,1137.5938128222197,99.55553596846029,7.419730664799774,0
USA,NT,3350.9769134047915,1137.5938128222197,352.8136655601313,5.289384350077157,0
USA,NU,3171.436625748004,1137.5938128222197,676.0234570073017,3.6164423297595274,0
USA,ON,1244.2554315201487,1137.5938128222197,136.93772106979105,3.152494855696735,1
USA,PE,2529.570937077666,1137.5938128222197,32.648800163264355,13.125614334666539,0
USA,QC,1811.297662308578,1137.5938128222197,136.01900681687871,4.604647786548668,1
USA,SK,1897.3943943437348,1137.5938128222197,171.51522912795156,4.295489468438712,1
USA,YT,3955.6220777158733,1137.5938128222197,80.3252497723145,13.085645150939945,1
USA,USA,1137.5938128222197,1137.5938128222197,1137.5938128222197,1,0
USA,ROW,10955.642771535462,1137.5938128222197,4302.124463119961,4.952252351344221,0
ROW,AB,9343.622741167652,4302.124463119961,172.87166489309962,10.834575552530909,0
ROW,BC,9529.536601185595,4302.124463119961,137.22506041382078,12.402624115252594,0
ROW,MB,9624.272016476412,4302.124463119961,101.1675858276633,14.58833442738003,0
ROW,NB,9418.083412908045,4302.124463119961,110.58288257314,13.654540626138612,0
ROW,NL,8793.918929337638,4302.124463119961,199.7445317454658,9.486445649088543,0
ROW,NS,9454.772084353042,4302.124463119961,99.55553596846029,14.44697334635295,0
ROW,NT,8109.017568511898,4302.124463119961,352.8136655601313,6.5819420888704,0
ROW,NU,7785.113462127987,4302.124463119961,676.0234570073017,4.565018883432402,0
ROW,ON,10047.177118011801,4302.124463119961,136.93772106979105,13.090041548100528,0
ROW,PE,9320.49322109396,4302.124463119961,32.648800163264355,24.869313484296075,0
ROW,QC,9657.812530613173,4302.124463119961,136.01900681687871,12.625177305168513,0
ROW,SK,9470.80596076062,4302.124463119961,171.51522912795156,11.025393780395973,0
ROW,YT,8076.7118523548725,4302.124463119961,80.3252497723145,13.739377664055057,0
ROW,USA,10955.642771535462,4302.124463119961,1137.5938128222197,4.952252351344221,0
ROW,ROW,4302.124463119961,4302.124463119961,4302.124463119961,1,0
