sector_id,phi,beta,source
AGM,0.63,0.014,"Albrecht and Tombe (2016), Table 9 (OECD STAN)"
FTX,0.33,0.050,"Albrecht and Tombe (2016), Table 9 (OECD STAN)"
WOD,0.35,0.001,"Albrecht and Tombe (2016), Table 9 (OECD STAN)"
PAP,0.43,0.009,"Albrecht and Tombe (2016), Table 9 (OECD STAN)"
CHR,0.21,0.027,"Albrecht and Tombe (2016), Table 9 (OECD STAN)"
MET,0.34,0.005,"Albrecht and Tombe (2016), Table 9 (OECD STAN)"
EQV,0.26,0.086,"Albrecht and Tombe (2016), Table 9 (OECD STAN)"
MNE,0.45,0.015,"Albrecht and Tombe (2016), Table 9 (OECD STAN)"
UTL,0.73,0.013,"Albrecht and Tombe (2016), Table 9 (OECD STAN)"
CON,0.40,0.133,"Albrecht and Tombe (2016), Table 9 (OECD STAN)"
WRT,0.61,0.110,"Albrecht and Tombe (2016), Table 9 (OECD STAN)"
HOT,0.49,0.037,"Albrecht and Tombe (2016), Table 9 (OECD STAN)"
TRP,0.50,0.017,"Albrecht and Tombe (2016), Table 9 (OECD STAN)"
COM,0.59,0.001,"Albrecht and Tombe (2016), Table 9 (OECD STAN)"
FIN,0.55,0.058,"Albrecht and Tombe (2016), Table 9 (OECD STAN)"
REA,0.78,0.114,"Albrecht and Tombe (2016), Table 9 (OECD STAN)"
SFT,0.57,0.006,"Albrecht and Tombe (2016), Table 9 (OECD STAN)"
OBS,0.66,0.005,"Albrecht and Tombe (2016), Table 9 (OECD STAN)"
PAD,0.51,0.140,"Albrecht and Tombe (2016), Table 9 (OECD STAN)"
EDU,0.79,0.057,"Albrecht and Tombe (2016), Table 9 (OECD STAN)"
HTH,0.71,0.048,"Albrecht and Tombe (2016), Table 9 (OECD STAN)"
OSV,0.61,0.057,"Albrecht and Tombe (2016), Table 9 (OECD STAN)"
