sector_id,theta,source
AGR,6.87,"Manucha and Tombe (2022) crop and animal production, recovered from their Table 1"
MIE,15.78,"Manucha and Tombe (2022) mining, recovered from their Table 1"
MIN,15.78,"Manucha and Tombe (2022) mining, recovered from their Table 1"
MIS,15.78,"Manucha and Tombe (2022) mining, recovered from their Table 1"
FOD,8.90,"Manucha and Tombe (2022) manufacturing, recovered from their Table 1"
TEX,8.90,"Manucha and Tombe (2022) manufacturing, recovered from their Table 1"
WOD,8.90,"Manucha and Tombe (2022) manufacturing, recovered from their Table 1"
PAP,8.90,"Manucha and Tombe (2022) manufacturing, recovered from their Table 1"
PET,8.90,"Manucha and Tombe (2022) manufacturing, recovered from their Table 1"
CHM,8.90,"Manucha and Tombe (2022) manufacturing, recovered from their Table 1"
RUB,8.90,"Manucha and Tombe (2022) manufacturing, recovered from their Table 1"
NMM,8.90,"Manucha and Tombe (2022) manufacturing, recovered from their Table 1"
BMT,8.90,"Manucha and Tombe (2022) manufacturing, recovered from their Table 1"
FMT,8.90,"Manucha and Tombe (2022) manufacturing, recovered from their Table 1"
ELC,8.90,"Manucha and Tombe (2022) manufacturing, recovered from their Table 1"
ELQ,8.90,"Manucha and Tombe (2022) manufacturing, recovered from their Table 1"
MAC,8.90,"Manucha and Tombe (2022) manufacturing, recovered from their Table 1"
MTV,8.90,"Manucha and Tombe (2022) manufacturing, recovered from their Table 1"
OTE,8.90,"Manucha and Tombe (2022) manufacturing, recovered from their Table 1"
MFN,8.90,"Manucha and Tombe (2022) manufacturing, recovered from their Table 1"
UTL,5.00,"Services value (Manucha and Tombe, 2022)"
CON,5.00,"Services value (Manucha and Tombe, 2022)"
TRD,5.00,"Services value (Manucha and Tombe, 2022)"
TRN,5.00,"Services value (Manucha and Tombe, 2022)"
ACC,5.00,"Services value (Manucha and Tombe, 2022)"
PUB,5.00,"Services value (Manucha and Tombe, 2022)"
TEL,5.00,"Services value (Manucha and Tombe, 2022)"
ITS,5.00,"Services value (Manucha and Tombe, 2022)"
FIN,5.00,"Services value (Manucha and Tombe, 2022)"
REA,5.00,"Services value (Manucha and Tombe, 2022)"
PRF,5.00,"Services value (Manucha and Tombe, 2022)"
ADM,5.00,"Services value (Manucha and Tombe, 2022)"
PAD,5.00,"Services value (Manucha and Tombe, 2022)"
EDU,5.00,"Services value (Manucha and Tombe, 2022)"
HTH,5.00,"Services value (Manucha and Tombe, 2022)"
ART,5.00,"Services value (Manucha and Tombe, 2022)"
OSV,5.00,"Services value (Manucha and Tombe, 2022)"
