date,value
05/01/2007,1.1089
05/02/2007,1.1087
05/03/2007,1.107
05/04/2007,1.1069
05/07/2007,1.1024
05/08/2007,1.1048
05/09/2007,1.1064
05/10/2007,1.1073
05/11/2007,1.1135
05/14/2007,1.1069
05/15/2007,1.0977
05/16/2007,1.1029
05/17/2007,1.0977
05/18/2007,1.0884
05/22/2007,1.0855
05/23/2007,1.0818
05/24/2007,1.0841
05/25/2007,1.0796
05/28/2007,1.0801
05/29/2007,1.0719
05/30/2007,1.0754
05/31/2007,1.0699
06/01/2007,1.0604
06/04/2007,1.058
06/05/2007,1.0606
06/06/2007,1.0586
06/07/2007,1.0613
06/08/2007,1.0622
06/11/2007,1.0614
06/12/2007,1.0635
06/13/2007,1.0667
06/14/2007,1.0684
06/15/2007,1.0679
06/18/2007,1.0721
06/19/2007,1.0639
06/20/2007,1.0646
06/21/2007,1.073
06/22/2007,1.0676
06/25/2007,1.0713
06/26/2007,1.0693
06/27/2007,1.0716
06/28/2007,1.0627
06/29/2007,1.0634
07/03/2007,1.0596
07/04/2007,1.057
07/05/2007,1.0566
07/06/2007,1.048
07/09/2007,1.0479
07/10/2007,1.0521
07/11/2007,1.0558
07/12/2007,1.0469
07/13/2007,1.0477
07/16/2007,1.043
07/17/2007,1.0436
07/18/2007,1.0437
07/19/2007,1.0426
07/20/2007,1.044
07/23/2007,1.0451
07/24/2007,1.0372
07/25/2007,1.0425
07/26/2007,1.0505
07/27/2007,1.059
07/30/2007,1.0686
07/31/2007,1.0657
08/01/2007,1.0569
08/02/2007,1.0527
08/03/2007,1.0528
08/07/2007,1.0553
08/08/2007,1.0499
08/09/2007,1.0565
08/10/2007,1.0536
08/13/2007,1.0509
08/14/2007,1.0636
08/15/2007,1.0746
08/16/2007,1.0755
08/17/2007,1.0635
08/20/2007,1.0582
08/21/2007,1.0601
08/22/2007,1.0621
08/23/2007,1.0568
08/24/2007,1.0525
08/27/2007,1.0516
08/28/2007,1.0615
08/29/2007,1.0592
08/30/2007,1.0567
08/31/2007,1.0564
09/04/2007,1.0496
09/05/2007,1.0508
09/06/2007,1.0533
09/07/2007,1.0546
09/10/2007,1.0533
09/11/2007,1.0431
09/12/2007,1.0371
09/13/2007,1.0326
09/14/2007,1.0293
09/17/2007,1.0308
09/18/2007,1.0236
09/19/2007,1.0147
09/20/2007,1.0016
09/21/2007,1.0009
09/24/2007,1.0012
09/25/2007,1.001
09/26/2007,1.0048
09/27/2007,1.0031
09/28/2007,0.9963
10/01/2007,0.9931
10/02/2007,1.0004
10/03/2007,0.9961
10/04/2007,0.9983
10/05/2007,0.9812
10/09/2007,0.9846
10/10/2007,0.9814
10/11/2007,0.9743
10/12/2007,0.9739
10/15/2007,0.9758
10/16/2007,0.9779
10/17/2007,0.9737
10/18/2007,0.9734
10/19/2007,0.9638
10/22/2007,0.9811
10/23/2007,0.9674
10/24/2007,0.9712
10/25/2007,0.9674
10/26/2007,0.9619
10/29/2007,0.9548
10/30/2007,0.9535
10/31/2007,0.9499
11/01/2007,0.9499
11/02/2007,0.9359
11/05/2007,0.9339
11/06/2007,0.9245
11/07/2007,0.917
11/08/2007,0.9306
11/09/2007,0.9391
11/13/2007,0.9643
11/14/2007,0.9607
11/15/2007,0.9808
11/16/2007,0.9729
11/19/2007,0.9837
11/20/2007,0.985
11/21/2007,0.9895
11/22/2007,0.9846
11/23/2007,0.9884
11/26/2007,0.9877
11/27/2007,0.9965
11/28/2007,0.9908
11/29/2007,0.9929
11/30/2007,1.0008
12/03/2007,1.0005
12/04/2007,1.0104
12/05/2007,1.0131
12/06/2007,1.0124
12/07/2007,1.0053
12/10/2007,1.0103
12/11/2007,1.0108
12/12/2007,1.0107
12/13/2007,1.0217
12/14/2007,1.0137
12/17/2007,1.0073
12/18/2007,1.0105
12/19/2007,1.0056
12/20/2007,0.9983
12/21/2007,0.9944
12/24/2007,0.9871
12/27/2007,0.9811
12/28/2007,0.9785
12/31/2007,0.9881
01/02/2008,0.9927
01/03/2008,0.9905
01/04/2008,0.9991
01/07/2008,1.0051
01/08/2008,0.9986
01/09/2008,1.0085
01/10/2008,1.0139
01/11/2008,1.0199
01/14/2008,1.0211
01/15/2008,1.0169
01/16/2008,1.0239
01/17/2008,1.0293
01/18/2008,1.0295
01/21/2008,1.0324
01/22/2008,1.0253
01/23/2008,1.0286
01/24/2008,1.0072
01/25/2008,1.0044
01/28/2008,1.0044
01/29/2008,0.9977
01/30/2008,0.9937
01/31/2008,1.0022
02/01/2008,0.9943
02/04/2008,0.9931
02/05/2008,1.0043
02/06/2008,1.0026
02/07/2008,1.0115
02/08/2008,0.9991
02/11/2008,1.0017
02/12/2008,0.9963
02/13/2008,0.9995
02/14/2008,0.997
02/15/2008,1.0016
02/18/2008,1.0071
02/19/2008,1.016
02/20/2008,1.019
02/21/2008,1.0087
02/22/2008,1.0156
02/25/2008,0.998
02/26/2008,0.9859
02/27/2008,0.9778
02/28/2008,0.9719
02/29/2008,0.9798
03/03/2008,0.987
03/04/2008,0.9956
03/05/2008,0.9898
03/06/2008,0.9848
03/07/2008,0.9915
03/10/2008,0.9976
03/11/2008,0.9953
03/12/2008,0.9897
03/13/2008,0.9842
03/14/2008,0.987
03/17/2008,0.9978
03/18/2008,0.9938
03/19/2008,1.0028
03/20/2008,1.0269
03/24/2008,1.0203
03/25/2008,1.0177
03/26/2008,1.018
03/27/2008,1.0147
03/28/2008,1.0181
03/31/2008,1.0279
04/01/2008,1.027
04/02/2008,1.0177
04/03/2008,1.0082
04/04/2008,1.0091
04/07/2008,1.011
04/08/2008,1.015
04/09/2008,1.0194
04/10/2008,1.0179
04/11/2008,1.0215
04/14/2008,1.0208
04/15/2008,1.0181
04/16/2008,1.0025
04/17/2008,1.0113
04/18/2008,1.0084
04/21/2008,1.0066
04/22/2008,1.0033
04/23/2008,1.0195
04/24/2008,1.0132
04/25/2008,1.0164
04/28/2008,1.016
04/29/2008,1.0131
04/30/2008,1.0095
05/01/2008,1.0189
05/02/2008,1.0183
05/05/2008,1.0125
05/06/2008,1.0035
05/07/2008,1.0021
05/08/2008,1.0149
05/09/2008,1.0061
05/12/2008,1.0039
05/13/2008,1.0005
05/14/2008,1.002
05/15/2008,0.9998
05/16/2008,0.9968
05/20/2008,0.993
05/21/2008,0.9844
05/22/2008,0.9861
05/23/2008,0.9883
05/26/2008,0.9896
05/27/2008,0.9932
05/28/2008,0.9915
05/29/2008,0.9872
05/30/2008,0.9942
06/02/2008,1.0013
06/03/2008,1.0051
06/04/2008,1.0145
06/05/2008,1.0198
06/06/2008,1.0187
06/09/2008,1.0225
06/10/2008,1.0243
06/11/2008,1.0174
06/12/2008,1.0232
06/13/2008,1.0282
06/16/2008,1.0211
06/17/2008,1.0199
06/18/2008,1.0186
06/19/2008,1.0132
06/20/2008,1.0172
06/23/2008,1.0163
06/24/2008,1.0136
06/25/2008,1.0135
06/26/2008,1.0121
06/27/2008,1.0123
06/30/2008,1.0186
07/02/2008,1.0129
07/03/2008,1.0206
07/04/2008,1.0155
07/07/2008,1.0173
07/08/2008,1.0207
07/09/2008,1.0108
07/10/2008,1.0102
07/11/2008,1.0092
07/14/2008,1.0061
07/15/2008,1.002
07/16/2008,1.0017
07/17/2008,1.0016
07/18/2008,1.0053
07/21/2008,1.0021
07/22/2008,1.0085
07/23/2008,1.0088
07/24/2008,1.0114
07/25/2008,1.0164
07/28/2008,1.0222
07/29/2008,1.0261
07/30/2008,1.0242
07/31/2008,1.0257
08/01/2008,1.0253
08/05/2008,1.0426
08/06/2008,1.047
08/07/2008,1.0511
08/08/2008,1.0678
08/11/2008,1.0676
08/12/2008,1.064
08/13/2008,1.0657
08/14/2008,1.062
08/15/2008,1.0609
08/18/2008,1.0605
08/19/2008,1.0607
08/20/2008,1.0628
08/21/2008,1.0456
08/22/2008,1.0458
08/25/2008,1.0464
08/26/2008,1.0483
08/27/2008,1.0486
08/28/2008,1.0526
08/29/2008,1.0626
09/02/2008,1.0701
09/03/2008,1.0607
09/04/2008,1.0642
09/05/2008,1.0641
09/08/2008,1.0696
09/09/2008,1.0679
09/10/2008,1.0738
09/11/2008,1.0796
09/12/2008,1.0609
09/15/2008,1.0677
09/16/2008,1.0734
09/17/2008,1.0783
09/18/2008,1.0701
09/19/2008,1.047
09/22/2008,1.0382
09/23/2008,1.0355
09/24/2008,1.0351
09/25/2008,1.0338
09/26/2008,1.0349
09/29/2008,1.0394
09/30/2008,1.0599
10/01/2008,1.0609
10/02/2008,1.0769
10/03/2008,1.0812
10/06/2008,1.1027
10/07/2008,1.1058
10/08/2008,1.1249
10/09/2008,1.1486
10/10/2008,1.1907
10/14/2008,1.1602
10/15/2008,1.1802
10/16/2008,1.1952
10/17/2008,1.1823
10/20/2008,1.1976
10/21/2008,1.2202
10/22/2008,1.2499
10/23/2008,1.2573
10/24/2008,1.2732
10/27/2008,1.293
10/28/2008,1.2943
10/29/2008,1.2308
10/30/2008,1.2221
10/31/2008,1.2165
11/03/2008,1.1875
11/04/2008,1.1499
11/05/2008,1.1596
11/06/2008,1.1818
11/07/2008,1.1835
11/10/2008,1.1942
11/12/2008,1.2295
11/13/2008,1.2315
11/14/2008,1.2247
11/17/2008,1.2211
11/18/2008,1.2239
11/19/2008,1.237
11/20/2008,1.2855
11/21/2008,1.2854
11/24/2008,1.225
11/25/2008,1.2209
11/26/2008,1.2342
11/27/2008,1.2329
11/28/2008,1.2372
12/01/2008,1.2377
12/02/2008,1.2421
12/03/2008,1.2573
12/04/2008,1.254
12/05/2008,1.2969
12/08/2008,1.2572
12/09/2008,1.2603
12/10/2008,1.2557
12/11/2008,1.2183
12/12/2008,1.2452
12/15/2008,1.2352
12/16/2008,1.2239
12/17/2008,1.2058
12/18/2008,1.1965
12/19/2008,1.2275
12/22/2008,1.2188
12/23/2008,1.2166
12/24/2008,1.2125
12/29/2008,1.2167
12/30/2008,1.2217
12/31/2008,1.2246
01/02/2009,1.2107
01/05/2009,1.1914
01/06/2009,1.1823
01/07/2009,1.1853
01/08/2009,1.1888
01/09/2009,1.1923
01/12/2009,1.2077
01/13/2009,1.2257
01/14/2009,1.2383
01/15/2009,1.2625
01/16/2009,1.2542
01/19/2009,1.2521
01/20/2009,1.2605
01/21/2009,1.2741
01/22/2009,1.263
01/23/2009,1.248
01/26/2009,1.2205
01/27/2009,1.2299
01/28/2009,1.2098
01/29/2009,1.2188
01/30/2009,1.2364
02/02/2009,1.2404
02/03/2009,1.2337
02/04/2009,1.2266
02/05/2009,1.2303
02/06/2009,1.2389
02/09/2009,1.2192
02/10/2009,1.2332
02/11/2009,1.2424
02/12/2009,1.2477
02/13/2009,1.2433
02/16/2009,1.2437
02/17/2009,1.2601
02/18/2009,1.2596
02/19/2009,1.2595
02/20/2009,1.2541
02/23/2009,1.2512
02/24/2009,1.247
02/25/2009,1.2556
02/26/2009,1.2456
02/27/2009,1.2707
03/02/2009,1.289
03/03/2009,1.2938
03/04/2009,1.2765
03/05/2009,1.2877
03/06/2009,1.2863
03/09/2009,1.3
03/10/2009,1.2797
03/11/2009,1.2807
03/12/2009,1.2905
03/13/2009,1.2749
03/16/2009,1.2724
03/17/2009,1.2718
03/18/2009,1.272
03/19/2009,1.2325
03/20/2009,1.2371
03/23/2009,1.2323
03/24/2009,1.2262
03/25/2009,1.2245
03/26/2009,1.233
03/27/2009,1.2392
03/30/2009,1.259
03/31/2009,1.2602
04/01/2009,1.2643
04/02/2009,1.2384
04/03/2009,1.2337
04/06/2009,1.2429
04/07/2009,1.2341
04/08/2009,1.2354
04/09/2009,1.2274
04/13/2009,1.2212
04/14/2009,1.2092
04/15/2009,1.2038
04/16/2009,1.2062
04/17/2009,1.2146
04/20/2009,1.2343
04/21/2009,1.2358
04/22/2009,1.236
04/23/2009,1.229
04/24/2009,1.2093
04/27/2009,1.2107
04/28/2009,1.2238
04/29/2009,1.2008
04/30/2009,1.194
05/01/2009,1.1872
05/04/2009,1.1781
05/05/2009,1.176
05/06/2009,1.1731
05/07/2009,1.1714
05/08/2009,1.1581
05/11/2009,1.1591
05/12/2009,1.1676
05/13/2009,1.1683
05/14/2009,1.1727
05/15/2009,1.1756
05/19/2009,1.1569
05/20/2009,1.1434
05/21/2009,1.1414
05/22/2009,1.1233
05/25/2009,1.1258
05/26/2009,1.1199
05/27/2009,1.112
05/28/2009,1.1124
05/29/2009,1.0961
06/01/2009,1.0872
06/02/2009,1.0827
06/03/2009,1.0976
06/04/2009,1.0999
06/05/2009,1.1146
06/08/2009,1.123
06/09/2009,1.1041
06/10/2009,1.1101
06/11/2009,1.0982
06/12/2009,1.1177
06/15/2009,1.1341
06/16/2009,1.1327
06/17/2009,1.1371
06/18/2009,1.1273
06/19/2009,1.1287
06/22/2009,1.1547
06/23/2009,1.156
06/24/2009,1.1461
06/25/2009,1.158
06/26/2009,1.1531
06/29/2009,1.1583
06/30/2009,1.1625
07/02/2009,1.1604
07/03/2009,1.1621
07/06/2009,1.1612
07/07/2009,1.1631
07/08/2009,1.1655
07/09/2009,1.1622
07/10/2009,1.165
07/13/2009,1.1539
07/14/2009,1.1368
07/15/2009,1.1194
07/16/2009,1.1171
07/17/2009,1.1168
07/20/2009,1.1067
07/21/2009,1.1078
07/22/2009,1.0981
07/23/2009,1.0867
07/24/2009,1.0842
07/27/2009,1.0835
07/28/2009,1.088
07/29/2009,1.0889
07/30/2009,1.0815
07/31/2009,1.079
08/04/2009,1.0686
08/05/2009,1.072
08/06/2009,1.0759
08/07/2009,1.0837
08/10/2009,1.0848
08/11/2009,1.0988
08/12/2009,1.0875
08/13/2009,1.0852
08/14/2009,1.0971
08/17/2009,1.1079
08/18/2009,1.1036
08/19/2009,1.0969
08/20/2009,1.0902
08/21/2009,1.0799
08/24/2009,1.0742
08/25/2009,1.0782
08/26/2009,1.0991
08/27/2009,1.096
08/28/2009,1.0879
08/31/2009,1.0967
09/01/2009,1.1031
09/02/2009,1.1065
09/03/2009,1.1034
09/04/2009,1.0889
09/08/2009,1.0764
09/09/2009,1.0787
09/10/2009,1.0812
09/11/2009,1.0746
09/14/2009,1.0857
09/15/2009,1.0763
09/16/2009,1.0663
09/17/2009,1.0613
09/18/2009,1.0724
09/21/2009,1.0777
09/22/2009,1.0683
09/23/2009,1.0724
09/24/2009,1.0869
09/25/2009,1.0915
09/28/2009,1.0861
09/29/2009,1.0871
09/30/2009,1.0722
10/01/2009,1.0774
10/02/2009,1.0845
10/05/2009,1.0757
10/06/2009,1.0571
10/07/2009,1.0619
10/08/2009,1.0535
10/09/2009,1.0424
10/13/2009,1.0298
10/14/2009,1.0292
10/15/2009,1.0303
10/16/2009,1.0389
10/19/2009,1.0308
10/20/2009,1.05
10/21/2009,1.0412
10/22/2009,1.0485
10/23/2009,1.0508
10/26/2009,1.0616
10/27/2009,1.0648
10/28/2009,1.0756
10/29/2009,1.0705
10/30/2009,1.0774
11/02/2009,1.0743
11/03/2009,1.0704
11/04/2009,1.0647
11/05/2009,1.0651
11/06/2009,1.072
11/09/2009,1.0566
11/10/2009,1.0518
11/12/2009,1.0519
11/13/2009,1.0508
11/16/2009,1.046
11/17/2009,1.0592
11/18/2009,1.05
11/19/2009,1.0638
11/20/2009,1.0696
11/23/2009,1.0551
11/24/2009,1.0608
11/25/2009,1.0501
11/26/2009,1.0595
11/27/2009,1.0624
11/30/2009,1.0574
12/01/2009,1.0432
12/02/2009,1.0468
12/03/2009,1.0542
12/04/2009,1.0517
12/07/2009,1.0511
12/08/2009,1.0604
12/09/2009,1.0552
12/10/2009,1.0519
12/11/2009,1.0585
12/14/2009,1.0593
12/15/2009,1.062
12/16/2009,1.058
12/17/2009,1.0713
12/18/2009,1.0678
12/21/2009,1.0594
12/22/2009,1.0556
12/23/2009,1.0476
12/24/2009,1.0488
12/29/2009,1.0405
12/30/2009,1.0525
12/31/2009,1.0466
01/04/2010,1.0378
01/05/2010,1.0372
01/06/2010,1.0334
01/07/2010,1.0351
01/08/2010,1.0344
01/11/2010,1.0317
01/12/2010,1.0375
01/13/2010,1.0322
01/14/2010,1.0261
01/15/2010,1.0287
01/18/2010,1.0251
01/19/2010,1.0328
01/20/2010,1.0478
01/21/2010,1.0487
01/22/2010,1.0564
01/25/2010,1.0582
01/26/2010,1.0606
01/27/2010,1.0657
01/28/2010,1.0643
01/29/2010,1.065
02/01/2010,1.0653
02/02/2010,1.0607
02/03/2010,1.0609
02/04/2010,1.0734
02/05/2010,1.0725
02/08/2010,1.0692
02/09/2010,1.069
02/10/2010,1.0671
02/11/2010,1.0523
02/12/2010,1.0531
02/15/2010,1.048
02/16/2010,1.0426
02/17/2010,1.0455
02/18/2010,1.0452
02/19/2010,1.042
02/22/2010,1.0428
02/23/2010,1.0517
02/24/2010,1.055
02/25/2010,1.0675
02/26/2010,1.0526
03/01/2010,1.0421
03/02/2010,1.0326
03/03/2010,1.0287
03/04/2010,1.0309
03/05/2010,1.0286
03/08/2010,1.0286
03/09/2010,1.0251
03/10/2010,1.0243
03/11/2010,1.0265
03/12/2010,1.0187
03/15/2010,1.0217
03/16/2010,1.0148
03/17/2010,1.0113
03/18/2010,1.0139
03/19/2010,1.0155
03/22/2010,1.0193
03/23/2010,1.0178
03/24/2010,1.0267
03/25/2010,1.0188
03/26/2010,1.0285
03/29/2010,1.0203
03/30/2010,1.0188
03/31/2010,1.0156
04/01/2010,1.0075
04/05/2010,1.0025
04/06/2010,1.0001
04/07/2010,1.003
04/08/2010,1.002
04/09/2010,1.0055
04/12/2010,1.0015
04/13/2010,1.0028
04/14/2010,0.9961
04/15/2010,1.0014
04/16/2010,1.0148
04/19/2010,1.0201
04/20/2010,0.9986
04/21/2010,0.9984
04/22/2010,1.0013
04/23/2010,1.0027
04/26/2010,1.0009
04/27/2010,1.0173
04/28/2010,1.0128
04/29/2010,1.0054
04/30/2010,1.0116
05/03/2010,1.0134
05/04/2010,1.0216
05/05/2010,1.0266
05/06/2010,1.0437
05/07/2010,1.0431
05/10/2010,1.0246
05/11/2010,1.0195
05/12/2010,1.0201
05/13/2010,1.0149
05/14/2010,1.0344
05/17/2010,1.0405
05/18/2010,1.033
05/19/2010,1.0515
05/20/2010,1.0659
05/21/2010,1.057
05/25/2010,1.0778
05/26/2010,1.0651
05/27/2010,1.0496
05/28/2010,1.0499
05/31/2010,1.0462
06/01/2010,1.0479
06/02/2010,1.0404
06/03/2010,1.0416
06/04/2010,1.0516
06/07/2010,1.054
06/08/2010,1.0518
06/09/2010,1.0395
06/10/2010,1.0337
06/11/2010,1.0333
06/14/2010,1.0253
06/15/2010,1.0288
06/16/2010,1.0236
06/17/2010,1.0284
06/18/2010,1.0238
06/21/2010,1.0199
06/22/2010,1.0201
06/23/2010,1.0434
06/24/2010,1.0432
06/25/2010,1.037
06/28/2010,1.0337
06/29/2010,1.0529
06/30/2010,1.0606
07/02/2010,1.0649
07/05/2010,1.066
07/06/2010,1.0498
07/07/2010,1.0527
07/08/2010,1.0446
07/09/2010,1.0328
07/12/2010,1.0379
07/13/2010,1.0284
07/14/2010,1.0306
07/15/2010,1.0403
07/16/2010,1.0537
07/19/2010,1.0559
07/20/2010,1.0526
07/21/2010,1.0427
07/22/2010,1.0376
07/23/2010,1.0373
07/26/2010,1.0312
07/27/2010,1.0357
07/28/2010,1.0357
07/29/2010,1.037
07/30/2010,1.029
08/03/2010,1.0225
08/04/2010,1.0185
08/05/2010,1.0158
08/06/2010,1.0273
08/09/2010,1.0266
08/10/2010,1.0348
08/11/2010,1.0456
08/12/2010,1.0434
08/13/2010,1.0402
08/16/2010,1.0432
08/17/2010,1.0312
08/18/2010,1.0289
08/19/2010,1.0399
08/20/2010,1.05
08/23/2010,1.0514
08/24/2010,1.0563
08/25/2010,1.0642
08/26/2010,1.0546
08/27/2010,1.0546
08/30/2010,1.0562
08/31/2010,1.0639
09/01/2010,1.0497
09/02/2010,1.052
09/03/2010,1.0411
09/07/2010,1.0427
09/08/2010,1.0359
09/09/2010,1.0328
09/10/2010,1.0358
09/13/2010,1.0279
09/14/2010,1.0222
09/15/2010,1.0282
09/16/2010,1.0274
09/17/2010,1.0331
09/20/2010,1.0281
09/21/2010,1.0315
09/22/2010,1.0327
09/23/2010,1.031
09/24/2010,1.0263
09/27/2010,1.026
09/28/2010,1.0306
09/29/2010,1.03
09/30/2010,1.0298
10/01/2010,1.0215
10/04/2010,1.0234
10/05/2010,1.0168
10/06/2010,1.0073
10/07/2010,1.0166
10/08/2010,1.0136
10/12/2010,1.011
10/13/2010,1.003
10/14/2010,1.0036
10/15/2010,1.0108
10/18/2010,1.0149
10/19/2010,1.0298
10/20/2010,1.0245
10/21/2010,1.0233
10/22/2010,1.0263
10/25/2010,1.0198
10/26/2010,1.0223
10/27/2010,1.032
10/28/2010,1.0202
10/29/2010,1.0188
11/01/2010,1.0136
11/02/2010,1.0099
11/03/2010,1.0092
11/04/2010,1.0024
11/05/2010,1.0015
11/08/2010,1.0022
11/09/2010,1.0013
11/10/2010,1.0017
11/12/2010,1.008
11/15/2010,1.0065
11/16/2010,1.0231
11/17/2010,1.0207
11/18/2010,1.0174
11/19/2010,1.0208
11/22/2010,1.0187
11/23/2010,1.0245
11/24/2010,1.0108
11/25/2010,1.0083
11/26/2010,1.0191
11/29/2010,1.0227
11/30/2010,1.0264
12/01/2010,1.016
12/02/2010,1.0046
12/03/2010,1.006
12/06/2010,1.0058
12/07/2010,1.0093
12/08/2010,1.0099
12/09/2010,1.0098
12/10/2010,1.0093
12/13/2010,1.0046
12/14/2010,1.0041
12/15/2010,1.0035
12/16/2010,1.0056
12/17/2010,1.0124
12/20/2010,1.0178
12/21/2010,1.0175
12/22/2010,1.0148
12/23/2010,1.0095
12/24/2010,1.0064
12/29/2010,1.0003
12/30/2010,1.0009
12/31/2010,0.9946
01/04/2011,0.9986
01/05/2011,0.9947
01/06/2011,0.9954
01/07/2011,0.9934
01/10/2011,0.9925
01/11/2011,0.9903
01/12/2011,0.9864
01/13/2011,0.9868
01/14/2011,0.9904
01/17/2011,0.9862
01/18/2011,0.9911
01/19/2011,0.9939
01/20/2011,1.0001
01/21/2011,0.9945
01/24/2011,0.9934
01/25/2011,0.9986
01/26/2011,0.9953
01/27/2011,0.9941
01/28/2011,0.999
01/31/2011,1.0022
02/01/2011,0.9922
02/02/2011,0.9883
02/03/2011,0.9901
02/04/2011,0.9901
02/07/2011,0.9886
02/08/2011,0.9906
02/09/2011,0.9947
02/10/2011,0.9955
02/11/2011,0.9903
02/14/2011,0.9885
02/15/2011,0.9887
02/16/2011,0.9855
02/17/2011,0.9839
02/18/2011,0.983
02/21/2011,0.9838
02/22/2011,0.9859
02/23/2011,0.9924
02/24/2011,0.9842
02/25/2011,0.9809
02/28/2011,0.9739
03/01/2011,0.9743
03/02/2011,0.9734
03/03/2011,0.9747
03/04/2011,0.9714
03/07/2011,0.9738
03/08/2011,0.9713
03/09/2011,0.9686
03/10/2011,0.9731
03/11/2011,0.9734
03/14/2011,0.9759
03/15/2011,0.983
03/16/2011,0.9918
03/17/2011,0.9885
03/18/2011,0.9844
03/21/2011,0.9774
03/22/2011,0.9768
03/23/2011,0.9821
03/24/2011,0.9748
03/25/2011,0.9778
03/28/2011,0.9758
03/29/2011,0.9761
03/30/2011,0.9714
03/31/2011,0.9718
04/01/2011,0.9629
04/04/2011,0.9679
04/05/2011,0.9636
04/06/2011,0.9588
04/07/2011,0.9593
04/08/2011,0.9566
04/11/2011,0.9547
04/12/2011,0.9625
04/13/2011,0.964
04/14/2011,0.9626
04/15/2011,0.9615
04/18/2011,0.9691
04/19/2011,0.9571
04/20/2011,0.9524
04/21/2011,0.9519
04/25/2011,0.9541
04/26/2011,0.9507
04/27/2011,0.9549
04/28/2011,0.9511
04/29/2011,0.9486
05/02/2011,0.9492
05/03/2011,0.949
05/04/2011,0.958
05/05/2011,0.9669
05/06/2011,0.9617
05/09/2011,0.9661
05/10/2011,0.961
05/11/2011,0.9582
05/12/2011,0.9658
05/13/2011,0.9709
05/16/2011,0.9703
05/17/2011,0.9773
05/18/2011,0.9723
05/19/2011,0.9701
05/20/2011,0.9735
05/24/2011,0.9774
05/25/2011,0.9765
05/26/2011,0.9809
05/27/2011,0.9771
05/30/2011,0.9765
05/31/2011,0.9688
06/01/2011,0.9714
06/02/2011,0.9793
06/03/2011,0.977
06/06/2011,0.9785
06/07/2011,0.9745
06/08/2011,0.978
06/09/2011,0.9732
06/10/2011,0.9768
06/13/2011,0.9779
06/14/2011,0.9686
06/15/2011,0.978
06/16/2011,0.9843
06/17/2011,0.9797
06/20/2011,0.9785
06/21/2011,0.9724
06/22/2011,0.9726
06/23/2011,0.9799
06/24/2011,0.9849
06/27/2011,0.9861
06/28/2011,0.9821
06/29/2011,0.9705
06/30/2011,0.9643
07/04/2011,0.9598
07/05/2011,0.9608
07/06/2011,0.9657
07/07/2011,0.9586
07/08/2011,0.9627
07/11/2011,0.9666
07/12/2011,0.9668
07/13/2011,0.9582
07/14/2011,0.9585
07/15/2011,0.9536
07/18/2011,0.9615
07/19/2011,0.9506
07/20/2011,0.9479
07/21/2011,0.9451
07/22/2011,0.9502
07/25/2011,0.9449
07/26/2011,0.9449
07/27/2011,0.9474
07/28/2011,0.9484
07/29/2011,0.9538
08/02/2011,0.958
08/03/2011,0.9634
08/04/2011,0.9767
08/05/2011,0.9843
08/08/2011,0.989
08/09/2011,0.9893
08/10/2011,0.991
08/11/2011,0.9892
08/12/2011,0.9879
08/15/2011,0.9838
08/16/2011,0.9817
08/17/2011,0.982
08/18/2011,0.9901
08/19/2011,0.9849
08/22/2011,0.9901
08/23/2011,0.9877
08/24/2011,0.988
08/25/2011,0.9843
08/26/2011,0.9853
08/29/2011,0.978
08/30/2011,0.9793
08/31/2011,0.9784
09/01/2011,0.9752
09/02/2011,0.9815
09/06/2011,0.991
09/07/2011,0.9883
09/08/2011,0.9859
09/09/2011,0.9971
09/12/2011,0.9957
09/13/2011,0.9902
09/14/2011,0.9913
09/15/2011,0.9869
09/16/2011,0.9814
09/19/2011,0.9898
09/20/2011,0.9924
09/21/2011,0.9986
09/22/2011,1.0329
09/23/2011,1.0282
09/26/2011,1.0339
09/27/2011,1.0191
09/28/2011,1.0225
09/29/2011,1.0338
09/30/2011,1.0389
10/03/2011,1.044
10/04/2011,1.0604
10/05/2011,1.0449
10/06/2011,1.043
10/07/2011,1.0328
10/11/2011,1.0287
10/12/2011,1.0164
10/13/2011,1.0238
10/14/2011,1.0147
10/17/2011,1.0152
10/18/2011,1.0163
10/19/2011,1.0136
10/20/2011,1.0218
10/21/2011,1.0091
10/24/2011,1.0039
10/25/2011,1.0144
10/26/2011,1.0101
10/27/2011,0.9942
10/28/2011,0.9957
10/31/2011,0.9935
11/01/2011,1.0198
11/02/2011,1.0126
11/03/2011,1.0127
11/04/2011,1.018
11/07/2011,1.0172
11/08/2011,1.014
11/09/2011,1.0173
11/10/2011,1.019
11/14/2011,1.0178
11/15/2011,1.0235
11/16/2011,1.0206
11/17/2011,1.0226
11/18/2011,1.0262
11/21/2011,1.0385
11/22/2011,1.0368
11/23/2011,1.048
11/24/2011,1.0469
11/25/2011,1.0487
11/28/2011,1.0327
11/29/2011,1.0296
11/30/2011,1.0197
12/01/2011,1.0174
12/02/2011,1.0165
12/05/2011,1.0141
12/06/2011,1.0117
12/07/2011,1.0105
12/08/2011,1.0193
12/09/2011,1.0201
12/12/2011,1.0275
12/13/2011,1.0284
12/14/2011,1.0406
12/15/2011,1.0337
12/16/2011,1.0388
12/19/2011,1.0364
12/20/2011,1.0285
12/21/2011,1.0286
12/22/2011,1.0214
12/23/2011,1.0208
12/28/2011,1.0234
12/29/2011,1.021
12/30/2011,1.017
01/03/2012,1.009
01/04/2012,1.0135
01/05/2012,1.0197
01/06/2012,1.0232
01/09/2012,1.0272
01/10/2012,1.0164
01/11/2012,1.0192
01/12/2012,1.0198
01/13/2012,1.0245
01/16/2012,1.017
01/17/2012,1.0132
01/18/2012,1.014
01/19/2012,1.0095
01/20/2012,1.0143
01/23/2012,1.008
01/24/2012,1.0097
01/25/2012,1.012
01/26/2012,0.9986
01/27/2012,1.0013
01/30/2012,1.0032
01/31/2012,1.0052
02/01/2012,0.9971
02/02/2012,0.9985
02/03/2012,0.9945
02/06/2012,0.9954
02/07/2012,0.9948
02/08/2012,0.997
02/09/2012,0.9941
02/10/2012,1.0016
02/13/2012,0.9996
02/14/2012,0.9991
02/15/2012,0.9965
02/16/2012,0.9962
02/17/2012,0.997
02/20/2012,0.9924
02/21/2012,0.9955
02/22/2012,1
02/23/2012,0.9985
02/24/2012,0.9988
02/27/2012,0.9983
02/28/2012,0.9956
02/29/2012,0.9866
03/01/2012,0.9849
03/02/2012,0.9888
03/05/2012,0.9936
03/06/2012,1.0015
03/07/2012,0.9993
03/08/2012,0.9921
03/09/2012,0.9895
03/12/2012,0.9935
03/13/2012,0.9905
03/14/2012,0.9915
03/15/2012,0.9929
03/16/2012,0.9914
03/19/2012,0.988
03/20/2012,0.9933
03/21/2012,0.9931
03/22/2012,1.0003
03/23/2012,0.9982
03/26/2012,0.9922
03/27/2012,0.9928
03/28/2012,0.9984
03/29/2012,0.9999
03/30/2012,0.9991
04/02/2012,0.9917
04/03/2012,0.991
04/04/2012,0.9962
04/05/2012,0.9928
04/09/2012,0.9972
04/10/2012,1.0028
04/11/2012,1.0039
04/12/2012,0.995
04/13/2012,0.9979
04/16/2012,1.0024
04/17/2012,0.9878
04/18/2012,0.9902
04/19/2012,0.9927
04/20/2012,0.9911
04/23/2012,0.9936
04/24/2012,0.9883
04/25/2012,0.9848
04/26/2012,0.9841
04/27/2012,0.9807
04/30/2012,0.9884
05/01/2012,0.9839
05/02/2012,0.9891
05/03/2012,0.9868
05/04/2012,0.9956
05/07/2012,0.9935
05/08/2012,0.9997
05/09/2012,1.0015
05/10/2012,1.0017
05/11/2012,0.9968
05/14/2012,1.0019
05/15/2012,1.0029
05/16/2012,1.0102
05/17/2012,1.0164
05/18/2012,1.021
05/22/2012,1.0191
05/23/2012,1.0275
05/24/2012,1.0275
05/25/2012,1.0285
05/28/2012,1.0241
05/29/2012,1.0253
05/30/2012,1.0286
05/31/2012,1.0349
06/01/2012,1.038
06/04/2012,1.0418
06/05/2012,1.0414
06/06/2012,1.0297
06/07/2012,1.0244
06/08/2012,1.0332
06/11/2012,1.0283
06/12/2012,1.0268
06/13/2012,1.027
06/14/2012,1.0247
06/15/2012,1.0244
06/18/2012,1.0266
06/19/2012,1.0178
06/20/2012,1.0194
06/21/2012,1.0251
06/22/2012,1.026
06/25/2012,1.0303
06/26/2012,1.0265
06/27/2012,1.0257
06/28/2012,1.0333
06/29/2012,1.0191
07/03/2012,1.0123
07/04/2012,1.0128
07/05/2012,1.0131
07/06/2012,1.0199
07/09/2012,1.0212
07/10/2012,1.0203
07/11/2012,1.0195
07/12/2012,1.0214
07/13/2012,1.0151
07/16/2012,1.0157
07/17/2012,1.0141
07/18/2012,1.0112
07/19/2012,1.0077
07/20/2012,1.0114
07/23/2012,1.0172
07/24/2012,1.0208
07/25/2012,1.0181
07/26/2012,1.0101
07/27/2012,1.006
07/30/2012,1.0033
07/31/2012,1.0014
08/01/2012,1.0017
08/02/2012,1.0062
08/03/2012,0.9986
08/07/2012,0.9964
08/08/2012,0.9947
08/09/2012,0.9924
08/10/2012,0.9916
08/13/2012,0.9933
08/14/2012,0.9914
08/15/2012,0.9891
08/16/2012,0.9881
08/17/2012,0.9885
08/20/2012,0.989
08/21/2012,0.9864
08/22/2012,0.9929
08/23/2012,0.9928
08/24/2012,0.992
08/27/2012,0.9892
08/28/2012,0.9864
08/29/2012,0.9875
08/30/2012,0.9926
08/31/2012,0.9863
09/04/2012,0.9863
09/05/2012,0.9902
09/06/2012,0.9825
09/07/2012,0.9778
09/10/2012,0.9762
09/11/2012,0.9724
09/12/2012,0.9757
09/13/2012,0.9753
09/14/2012,0.971
09/17/2012,0.9723
09/18/2012,0.9742
09/19/2012,0.9745
09/20/2012,0.9774
09/21/2012,0.9754
09/24/2012,0.9801
09/25/2012,0.977
09/26/2012,0.9842
09/27/2012,0.9814
09/28/2012,0.9837
10/01/2012,0.9827
10/02/2012,0.9829
10/03/2012,0.987
10/04/2012,0.9822
10/05/2012,0.9763
10/09/2012,0.9788
10/10/2012,0.9787
10/11/2012,0.9782
10/12/2012,0.9799
10/15/2012,0.9784
10/16/2012,0.9854
10/17/2012,0.9796
10/18/2012,0.9808
10/19/2012,0.9932
10/22/2012,0.9938
10/23/2012,0.9934
10/24/2012,0.9946
10/25/2012,0.9942
10/26/2012,0.999
10/29/2012,1.0004
10/30/2012,0.9994
10/31/2012,0.9996
11/01/2012,0.9973
11/02/2012,0.9964
11/05/2012,0.9965
11/06/2012,0.9936
11/07/2012,0.9972
11/08/2012,0.9986
11/09/2012,1.0006
11/13/2012,1.0016
11/14/2012,1.0018
11/15/2012,1.0025
11/16/2012,1.0028
11/19/2012,0.9964
11/20/2012,0.997
11/21/2012,0.998
11/22/2012,0.9974
11/23/2012,0.9927
11/26/2012,0.9949
11/27/2012,0.9936
11/28/2012,0.9929
11/29/2012,0.993
11/30/2012,0.9932
12/03/2012,0.9928
12/04/2012,0.9927
12/05/2012,0.9912
12/06/2012,0.991
12/07/2012,0.989
12/10/2012,0.9872
12/11/2012,0.9867
12/12/2012,0.9854
12/13/2012,0.9847
12/14/2012,0.986
12/17/2012,0.9841
12/18/2012,0.9854
12/19/2012,0.9868
12/20/2012,0.9883
12/21/2012,0.9942
12/24/2012,0.9913
12/27/2012,0.9949
12/28/2012,0.9952
12/31/2012,0.9949
01/02/2013,0.9859
01/03/2013,0.9853
01/04/2013,0.9856
01/07/2013,0.986
01/08/2013,0.9873
01/09/2013,0.9868
01/10/2013,0.986
01/11/2013,0.9841
01/14/2013,0.984
01/15/2013,0.9839
01/16/2013,0.985
01/17/2013,0.9853
01/18/2013,0.9937
01/21/2013,0.9933
01/22/2013,0.9934
01/23/2013,0.9986
01/24/2013,1.0026
01/25/2013,1.0078
01/28/2013,1.0069
01/29/2013,1.0029
01/30/2013,1.0033
01/31/2013,0.9992
02/01/2013,0.9987
02/04/2013,0.9977
02/05/2013,0.9972
02/06/2013,0.996
02/07/2013,0.9993
02/08/2013,1.002
02/11/2013,1.0065
02/12/2013,1.0029
02/13/2013,1.002
02/14/2013,1.0008
02/15/2013,1.007
02/19/2013,1.0118
02/20/2013,1.0163
02/21/2013,1.0185
02/22/2013,1.0224
02/25/2013,1.0265
02/26/2013,1.028
02/27/2013,1.025
02/28/2013,1.0285
03/01/2013,1.0285
03/04/2013,1.0298
03/05/2013,1.029
03/06/2013,1.0314
03/07/2013,1.0302
03/08/2013,1.0273
03/11/2013,1.0268
03/12/2013,1.0254
03/13/2013,1.0273
03/14/2013,1.0261
03/15/2013,1.0193
03/18/2013,1.0217
03/19/2013,1.0274
03/20/2013,1.0268
03/21/2013,1.0241
03/22/2013,1.0225
03/25/2013,1.0218
03/26/2013,1.0166
03/27/2013,1.017
03/28/2013,1.0156
04/01/2013,1.0167
04/02/2013,1.0148
04/03/2013,1.0134
04/04/2013,1.0139
04/05/2013,1.0191
04/08/2013,1.0198
04/09/2013,1.0162
04/10/2013,1.015
04/11/2013,1.0107
04/12/2013,1.0134
04/15/2013,1.0206
04/16/2013,1.023
04/17/2013,1.0262
04/18/2013,1.0255
04/19/2013,1.0264
04/22/2013,1.0263
04/23/2013,1.0259
04/24/2013,1.027
04/25/2013,1.0194
04/26/2013,1.017
04/29/2013,1.0138
04/30/2013,1.0072
05/01/2013,1.0084
05/02/2013,1.0083
05/03/2013,1.0079
05/06/2013,1.0075
05/07/2013,1.0052
05/08/2013,1.0023
05/09/2013,1.0027
05/10/2013,1.0124
05/13/2013,1.0108
05/14/2013,1.0148
05/15/2013,1.0173
05/16/2013,1.0163
05/17/2013,1.0269
05/21/2013,1.0277
05/22/2013,1.0333
05/23/2013,1.031
05/24/2013,1.0323
05/27/2013,1.0329
05/28/2013,1.0371
05/29/2013,1.037
05/30/2013,1.0309
05/31/2013,1.0339
06/03/2013,1.0291
06/04/2013,1.0348
06/05/2013,1.0345
06/06/2013,1.0238
06/07/2013,1.021
06/10/2013,1.0187
06/11/2013,1.019
06/12/2013,1.0202
06/13/2013,1.017
06/14/2013,1.0177
06/17/2013,1.0176
06/18/2013,1.0209
06/19/2013,1.0187
06/20/2013,1.0387
06/21/2013,1.047
06/24/2013,1.0532
06/25/2013,1.0513
06/26/2013,1.0469
06/27/2013,1.048
06/28/2013,1.0512
07/02/2013,1.053
07/03/2013,1.0523
07/04/2013,1.0513
07/05/2013,1.0568
07/08/2013,1.0576
07/09/2013,1.053
07/10/2013,1.0511
07/11/2013,1.0389
07/12/2013,1.0392
07/15/2013,1.0413
07/16/2013,1.0388
07/17/2013,1.0425
07/18/2013,1.0396
07/19/2013,1.0363
07/22/2013,1.0337
07/23/2013,1.0304
07/24/2013,1.0298
07/25/2013,1.0283
07/26/2013,1.0291
07/29/2013,1.0261
07/30/2013,1.0293
07/31/2013,1.0287
08/01/2013,1.0338
08/02/2013,1.0382
08/06/2013,1.0379
08/07/2013,1.0416
08/08/2013,1.0348
08/09/2013,1.0303
08/12/2013,1.0297
08/13/2013,1.0345
08/14/2013,1.0322
08/15/2013,1.034
08/16/2013,1.0345
08/19/2013,1.0334
08/20/2013,1.0376
08/21/2013,1.0443
08/22/2013,1.0512
08/23/2013,1.0515
08/26/2013,1.0514
08/27/2013,1.0503
08/28/2013,1.049
08/29/2013,1.0526
08/30/2013,1.0553
09/03/2013,1.0533
09/04/2013,1.0482
09/05/2013,1.05
09/06/2013,1.039
09/09/2013,1.0366
09/10/2013,1.0357
09/11/2013,1.0337
09/12/2013,1.032
09/13/2013,1.0341
09/16/2013,1.0316
09/17/2013,1.0291
09/18/2013,1.0312
09/19/2013,1.0237
09/20/2013,1.0287
09/23/2013,1.0283
09/24/2013,1.0295
09/25/2013,1.0295
09/26/2013,1.0321
09/27/2013,1.03
09/30/2013,1.0285
10/01/2013,1.0333
10/02/2013,1.0332
10/03/2013,1.0323
10/04/2013,1.0306
10/07/2013,1.0306
10/08/2013,1.0331
10/09/2013,1.0397
10/10/2013,1.0383
10/11/2013,1.0385
10/15/2013,1.0371
10/16/2013,1.0345
10/17/2013,1.0285
10/18/2013,1.0287
10/21/2013,1.0297
10/22/2013,1.0284
10/23/2013,1.0385
10/24/2013,1.0422
10/25/2013,1.045
10/28/2013,1.0445
10/29/2013,1.0445
10/30/2013,1.0456
10/31/2013,1.0429
11/01/2013,1.0443
11/04/2013,1.0415
11/05/2013,1.0448
11/06/2013,1.0419
11/07/2013,1.0442
11/08/2013,1.0487
11/12/2013,1.0502
11/13/2013,1.0468
11/14/2013,1.0497
11/15/2013,1.0458
11/18/2013,1.0427
11/19/2013,1.0466
11/20/2013,1.0445
11/21/2013,1.0506
11/22/2013,1.0535
11/25/2013,1.0554
11/26/2013,1.0547
11/27/2013,1.0595
11/28/2013,1.0593
11/29/2013,1.0599
12/02/2013,1.0634
12/03/2013,1.0662
12/04/2013,1.0696
12/05/2013,1.0638
12/06/2013,1.0663
12/09/2013,1.0641
12/10/2013,1.0623
12/11/2013,1.0607
12/12/2013,1.0641
12/13/2013,1.0595
12/16/2013,1.0577
12/17/2013,1.061
12/18/2013,1.0645
12/19/2013,1.0676
12/20/2013,1.068
12/23/2013,1.0603
12/24/2013,1.0619
12/27/2013,1.0697
12/30/2013,1.064
12/31/2013,1.0636
01/02/2014,1.0633
01/03/2014,1.0614
01/06/2014,1.0659
01/07/2014,1.0742
01/08/2014,1.0804
01/09/2014,1.0851
01/10/2014,1.0917
01/13/2014,1.0869
01/14/2014,1.0934
01/15/2014,1.0933
01/16/2014,1.0926
01/17/2014,1.0961
01/20/2014,1.0962
01/21/2014,1.0972
01/22/2014,1.1069
01/23/2014,1.113
01/24/2014,1.1062
01/27/2014,1.1098
01/28/2014,1.1148
01/29/2014,1.1148
01/30/2014,1.1171
01/31/2014,1.1119
02/03/2014,1.1076
02/04/2014,1.1055
02/05/2014,1.1101
02/06/2014,1.1066
02/07/2014,1.1018
02/10/2014,1.1048
02/11/2014,1.1025
02/12/2014,1.0993
02/13/2014,1.098
02/14/2014,1.0981
02/18/2014,1.0953
02/19/2014,1.1045
02/20/2014,1.1104
02/21/2014,1.1128
02/24/2014,1.1058
02/25/2014,1.1084
02/26/2014,1.1117
02/27/2014,1.114
02/28/2014,1.1075
03/03/2014,1.1092
03/04/2014,1.1114
03/05/2014,1.1051
03/06/2014,1.0966
03/07/2014,1.1089
03/10/2014,1.1105
03/11/2014,1.1085
03/12/2014,1.1132
03/13/2014,1.1057
03/14/2014,1.1087
03/17/2014,1.1052
03/18/2014,1.1086
03/19/2014,1.1179
03/20/2014,1.1251
03/21/2014,1.1194
03/24/2014,1.1217
03/25/2014,1.1176
03/26/2014,1.1143
03/27/2014,1.1057
03/28/2014,1.1064
03/31/2014,1.1053
04/01/2014,1.1027
04/02/2014,1.1031
04/03/2014,1.1035
04/04/2014,1.0978
04/07/2014,1.0971
04/08/2014,1.0922
04/09/2014,1.0903
04/10/2014,1.0912
04/11/2014,1.096
04/14/2014,1.097
04/15/2014,1.0981
04/16/2014,1.1028
04/17/2014,1.0998
04/21/2014,1.1021
04/22/2014,1.1026
04/23/2014,1.1032
04/24/2014,1.1027
04/25/2014,1.1042
04/28/2014,1.1033
04/29/2014,1.0963
04/30/2014,1.0957
05/01/2014,1.0965
05/02/2014,1.0973
05/05/2014,1.0955
05/06/2014,1.089
05/07/2014,1.0896
05/08/2014,1.0858
05/09/2014,1.09
05/12/2014,1.0887
05/13/2014,1.0892
05/14/2014,1.0887
05/15/2014,1.0887
05/16/2014,1.0882
05/20/2014,1.0901
05/21/2014,1.0933
05/22/2014,1.0898
05/23/2014,1.087
05/26/2014,1.0854
05/27/2014,1.0869
05/28/2014,1.0867
05/29/2014,1.0837
05/30/2014,1.0867
06/02/2014,1.0895
06/03/2014,1.0915
06/04/2014,1.0937
06/05/2014,1.0934
06/06/2014,1.0936
06/09/2014,1.091
06/10/2014,1.0915
06/11/2014,1.0867
06/12/2014,1.0851
06/13/2014,1.0868
06/16/2014,1.085
06/17/2014,1.0852
06/18/2014,1.087
06/19/2014,1.0828
06/20/2014,1.0766
06/23/2014,1.0731
06/24/2014,1.074
06/25/2014,1.0721
06/26/2014,1.0707
06/27/2014,1.0676
06/30/2014,1.0676
07/02/2014,1.0667
07/03/2014,1.0634
07/04/2014,1.0639
07/07/2014,1.0662
07/08/2014,1.0674
07/09/2014,1.065
07/10/2014,1.0658
07/11/2014,1.072
07/14/2014,1.0722
07/15/2014,1.0766
07/16/2014,1.075
07/17/2014,1.0753
07/18/2014,1.0737
07/21/2014,1.0737
07/22/2014,1.0745
07/23/2014,1.0741
07/24/2014,1.0742
07/25/2014,1.0814
07/28/2014,1.0801
07/29/2014,1.0851
07/30/2014,1.0909
07/31/2014,1.089
08/01/2014,1.0919
08/05/2014,1.097
08/06/2014,1.0926
08/07/2014,1.0922
08/08/2014,1.0982
08/11/2014,1.0935
08/12/2014,1.0944
08/13/2014,1.0929
08/14/2014,1.0911
08/15/2014,1.091
08/18/2014,1.0889
08/19/2014,1.0929
08/20/2014,1.0944
08/21/2014,1.0948
08/22/2014,1.095
08/25/2014,1.098
08/26/2014,1.0951
08/27/2014,1.0891
08/28/2014,1.0857
08/29/2014,1.0858
09/02/2014,1.0925
09/03/2014,1.0873
09/04/2014,1.0863
09/05/2014,1.089
09/08/2014,1.0933
09/09/2014,1.1012
09/10/2014,1.0955
09/11/2014,1.1032
09/12/2014,1.1076
09/15/2014,1.1051
09/16/2014,1.099
09/17/2014,1.0952
09/18/2014,1.0946
09/19/2014,1.0969
09/22/2014,1.1008
09/23/2014,1.106
09/24/2014,1.109
09/25/2014,1.1106
09/26/2014,1.1164
09/29/2014,1.1145
09/30/2014,1.1208
10/01/2014,1.1171
10/02/2014,1.1151
10/03/2014,1.1256
10/06/2014,1.1175
10/07/2014,1.1182
10/08/2014,1.1182
10/09/2014,1.1149
10/10/2014,1.1177
10/14/2014,1.1236
10/15/2014,1.1289
10/16/2014,1.1266
10/17/2014,1.1248
10/20/2014,1.1277
10/21/2014,1.1219
10/22/2014,1.1219
10/23/2014,1.1237
10/24/2014,1.1213
10/27/2014,1.1247
10/28/2014,1.1178
10/29/2014,1.1136
10/30/2014,1.1193
10/31/2014,1.1275
11/03/2014,1.132
11/04/2014,1.1397
11/05/2014,1.1377
11/06/2014,1.1424
11/07/2014,1.136
11/10/2014,1.1345
11/12/2014,1.1284
11/13/2014,1.135
11/14/2014,1.1294
11/17/2014,1.1308
11/18/2014,1.1305
11/19/2014,1.135
11/20/2014,1.1312
11/21/2014,1.1238
11/24/2014,1.1282
11/25/2014,1.1261
11/26/2014,1.1236
11/27/2014,1.1333
11/28/2014,1.1427
12/01/2014,1.1344
12/02/2014,1.14
12/03/2014,1.136
12/04/2014,1.1373
12/05/2014,1.1423
12/08/2014,1.1472
12/09/2014,1.1422
12/10/2014,1.1482
12/11/2014,1.1535
12/12/2014,1.154
12/15/2014,1.163
12/16/2014,1.1625
12/17/2014,1.1629
12/18/2014,1.1594
12/19/2014,1.1629
12/22/2014,1.1643
12/23/2014,1.1627
12/24/2014,1.1623
12/29/2014,1.1632
12/30/2014,1.1599
12/31/2014,1.1601
01/02/2015,1.1728
01/05/2015,1.1787
01/06/2015,1.1804
01/07/2015,1.1851
01/08/2015,1.1812
01/09/2015,1.1857
01/12/2015,1.193
01/13/2015,1.1948
01/14/2015,1.1958
01/15/2015,1.1932
01/16/2015,1.1986
01/19/2015,1.1966
01/20/2015,1.2085
01/21/2015,1.2374
01/22/2015,1.2371
01/23/2015,1.2403
01/26/2015,1.2411
01/27/2015,1.2404
01/28/2015,1.2451
01/29/2015,1.2644
01/30/2015,1.2717
02/02/2015,1.2578
02/03/2015,1.2456
02/04/2015,1.255
02/05/2015,1.2422
02/06/2015,1.2523
02/09/2015,1.2448
02/10/2015,1.2528
02/11/2015,1.2635
02/12/2015,1.2462
02/13/2015,1.2449
02/17/2015,1.2403
02/18/2015,1.2455
02/19/2015,1.2486
02/20/2015,1.2506
02/23/2015,1.258
02/24/2015,1.2603
02/25/2015,1.2419
02/26/2015,1.249
02/27/2015,1.2508
03/02/2015,1.2535
03/03/2015,1.2452
03/04/2015,1.244
03/05/2015,1.2482
03/06/2015,1.2616
03/09/2015,1.2598
03/10/2015,1.2633
03/11/2015,1.2764
03/12/2015,1.2691
03/13/2015,1.2803
03/16/2015,1.2765
03/17/2015,1.2769
03/18/2015,1.2771
03/19/2015,1.2744
03/20/2015,1.2595
03/23/2015,1.2516
03/24/2015,1.2511
03/25/2015,1.2513
03/26/2015,1.2471
03/27/2015,1.258
03/30/2015,1.2689
03/31/2015,1.2683
04/01/2015,1.2612
04/02/2015,1.2585
04/06/2015,1.2452
04/07/2015,1.2488
04/08/2015,1.2508
04/09/2015,1.258
04/10/2015,1.2595
04/13/2015,1.2602
04/14/2015,1.2478
04/15/2015,1.2379
04/16/2015,1.2206
04/17/2015,1.2229
04/20/2015,1.2204
04/21/2015,1.2274
04/22/2015,1.225
04/23/2015,1.2147
04/24/2015,1.2166
04/27/2015,1.2105
04/28/2015,1.2021
04/29/2015,1.1954
04/30/2015,1.2119
05/01/2015,1.2192
05/04/2015,1.2111
05/05/2015,1.204
05/06/2015,1.2009
05/07/2015,1.2139
05/08/2015,1.2088
05/11/2015,1.2105
05/12/2015,1.1987
05/13/2015,1.1951
05/14/2015,1.1992
05/15/2015,1.201
05/19/2015,1.2211
05/20/2015,1.2212
05/21/2015,1.2201
05/22/2015,1.2288
05/25/2015,1.2304
05/26/2015,1.243
05/27/2015,1.2485
05/28/2015,1.2477
05/29/2015,1.2465
06/01/2015,1.255
06/02/2015,1.2423
06/03/2015,1.2436
06/04/2015,1.2477
06/05/2015,1.2489
06/08/2015,1.2435
06/09/2015,1.2317
06/10/2015,1.2267
06/11/2015,1.2314
06/12/2015,1.2304
06/15/2015,1.2323
06/16/2015,1.233
06/17/2015,1.2308
06/18/2015,1.2209
06/19/2015,1.2279
06/22/2015,1.2288
06/23/2015,1.2327
06/24/2015,1.2415
06/25/2015,1.2347
06/26/2015,1.2359
06/29/2015,1.2382
06/30/2015,1.2474
07/02/2015,1.2566
07/03/2015,1.2571
07/06/2015,1.2626
07/07/2015,1.274
07/08/2015,1.2722
07/09/2015,1.2729
07/10/2015,1.2715
07/13/2015,1.2762
07/14/2015,1.2748
07/15/2015,1.2937
07/16/2015,1.2939
07/17/2015,1.2998
07/20/2015,1.2982
07/21/2015,1.2961
07/22/2015,1.3026
07/23/2015,1.303
07/24/2015,1.306
07/27/2015,1.3009
07/28/2015,1.2934
07/29/2015,1.2893
07/30/2015,1.3026
07/31/2015,1.3047
08/04/2015,1.3125
08/05/2015,1.3183
08/06/2015,1.3152
08/07/2015,1.3122
08/10/2015,1.3056
08/11/2015,1.3148
08/12/2015,1.2973
08/13/2015,1.3078
08/14/2015,1.3078
08/17/2015,1.3091
08/18/2015,1.3073
08/19/2015,1.3165
08/20/2015,1.308
08/21/2015,1.3149
08/24/2015,1.3213
08/25/2015,1.3296
08/26/2015,1.3303
08/27/2015,1.3197
08/28/2015,1.3269
08/31/2015,1.3223
09/01/2015,1.3179
09/02/2015,1.3311
09/03/2015,1.3199
09/04/2015,1.3273
09/08/2015,1.3195
09/09/2015,1.3223
09/10/2015,1.3219
09/11/2015,1.3276
09/14/2015,1.327
09/15/2015,1.3263
09/16/2015,1.3178
09/17/2015,1.3186
09/18/2015,1.3147
09/21/2015,1.325
09/22/2015,1.3278
09/23/2015,1.3315
09/24/2015,1.3351
09/25/2015,1.3325
09/28/2015,1.3361
09/29/2015,1.3413
09/30/2015,1.3394
10/01/2015,1.3242
10/02/2015,1.3214
10/05/2015,1.3085
10/06/2015,1.3056
10/07/2015,1.3036
10/08/2015,1.3018
10/09/2015,1.2946
10/13/2015,1.2986
10/14/2015,1.2982
10/15/2015,1.2904
10/16/2015,1.2933
10/19/2015,1.2998
10/20/2015,1.2974
10/21/2015,1.3116
10/22/2015,1.3088
10/23/2015,1.3172
10/26/2015,1.3134
10/27/2015,1.3241
10/28/2015,1.3148
10/29/2015,1.317
10/30/2015,1.3083
11/02/2015,1.3095
11/03/2015,1.3106
11/04/2015,1.3164
11/05/2015,1.3167
11/06/2015,1.3308
11/09/2015,1.3275
11/10/2015,1.3259
11/12/2015,1.3307
11/13/2015,1.3332
11/16/2015,1.3353
11/17/2015,1.3324
11/18/2015,1.3353
11/19/2015,1.3267
11/20/2015,1.3338
11/23/2015,1.3357
11/24/2015,1.3308
11/25/2015,1.3301
11/26/2015,1.33
11/27/2015,1.336
11/30/2015,1.3333
12/01/2015,1.3372
12/02/2015,1.336
12/03/2015,1.3394
12/04/2015,1.3365
12/07/2015,1.3508
12/08/2015,1.3593
12/09/2015,1.3595
12/10/2015,1.3599
12/11/2015,1.3696
12/14/2015,1.3733
12/15/2015,1.3728
12/16/2015,1.3805
12/17/2015,1.397
12/18/2015,1.3882
12/21/2015,1.399
12/22/2015,1.3929
12/23/2015,1.386
12/24/2015,1.3845
12/29/2015,1.385
12/30/2015,1.3884
12/31/2015,1.384
01/04/2016,1.3969
01/05/2016,1.3993
01/06/2016,1.4084
01/07/2016,1.4061
01/08/2016,1.4151
01/11/2016,1.4205
01/12/2016,1.4291
01/13/2016,1.4294
01/14/2016,1.4373
01/15/2016,1.4528
01/18/2016,1.4507
01/19/2016,1.4514
01/20/2016,1.4589
01/21/2016,1.4243
01/22/2016,1.4151
01/25/2016,1.4252
01/26/2016,1.4062
01/27/2016,1.4043
01/28/2016,1.4073
01/29/2016,1.408
02/01/2016,1.4006
02/02/2016,1.404
02/03/2016,1.3846
02/04/2016,1.3726
02/05/2016,1.3876
02/08/2016,1.3921
02/09/2016,1.382
02/10/2016,1.3968
02/11/2016,1.393
02/12/2016,1.3835
02/16/2016,1.386
02/17/2016,1.3684
02/18/2016,1.3721
02/19/2016,1.3801
02/22/2016,1.3685
02/23/2016,1.3792
02/24/2016,1.3766
02/25/2016,1.3575
02/26/2016,1.3547
02/29/2016,1.3523
03/01/2016,1.3407
03/02/2016,1.3468
03/03/2016,1.3407
03/04/2016,1.3337
03/07/2016,1.3301
03/08/2016,1.3389
03/09/2016,1.3236
03/10/2016,1.3373
03/11/2016,1.3215
03/14/2016,1.3293
03/15/2016,1.3359
03/16/2016,1.3362
03/17/2016,1.2984
03/18/2016,1.2982
03/21/2016,1.3069
03/22/2016,1.3051
03/23/2016,1.3203
03/24/2016,1.3269
03/28/2016,1.3184
03/29/2016,1.3154
03/30/2016,1.2962
03/31/2016,1.2971
04/01/2016,1.3047
04/04/2016,1.3036
04/05/2016,1.317
04/06/2016,1.3077
04/07/2016,1.3163
04/08/2016,1.2995
04/11/2016,1.2913
04/12/2016,1.2799
04/13/2016,1.2792
04/14/2016,1.2836
04/15/2016,1.2858
04/18/2016,1.2815
04/19/2016,1.2656
04/20/2016,1.2627
04/21/2016,1.271
04/22/2016,1.2674
04/25/2016,1.268
04/26/2016,1.2614
04/27/2016,1.2635
04/28/2016,1.2544
04/29/2016,1.2549
05/02/2016,1.2548
05/03/2016,1.2686
05/04/2016,1.2884
05/05/2016,1.2853
05/06/2016,1.2921
05/09/2016,1.2994
05/10/2016,1.2959
05/11/2016,1.2836
05/12/2016,1.2858
05/13/2016,1.294
05/16/2016,1.2887
05/17/2016,1.2885
05/18/2016,1.2928
05/19/2016,1.3116
05/20/2016,1.3136
05/24/2016,1.3118
05/25/2016,1.309
05/26/2016,1.2981
05/27/2016,1.3003
05/30/2016,1.3061
05/31/2016,1.31
06/01/2016,1.3091
06/02/2016,1.308
06/03/2016,1.2948
06/06/2016,1.2856
06/07/2016,1.2789
06/08/2016,1.2695
06/09/2016,1.2731
06/10/2016,1.2736
06/13/2016,1.2792
06/14/2016,1.2835
06/15/2016,1.2914
06/16/2016,1.3041
06/17/2016,1.2878
06/20/2016,1.2807
06/21/2016,1.2818
06/22/2016,1.282
06/23/2016,1.2752
06/24/2016,1.2952
06/27/2016,1.3078
06/28/2016,1.309
06/29/2016,1.2991
06/30/2016,1.3009
07/04/2016,1.2844
07/05/2016,1.2949
07/06/2016,1.3005
07/07/2016,1.2984
07/08/2016,1.3073
07/11/2016,1.3127
07/12/2016,1.3016
07/13/2016,1.2965
07/14/2016,1.2915
07/15/2016,1.2975
07/18/2016,1.2984
07/19/2016,1.3029
07/20/2016,1.304
07/21/2016,1.3057
07/22/2016,1.3178
07/25/2016,1.3225
07/26/2016,1.3209
07/27/2016,1.322
07/28/2016,1.317
07/29/2016,1.3041
08/02/2016,1.3089
08/03/2016,1.308
08/04/2016,1.3025
08/05/2016,1.318
08/08/2016,1.3164
08/09/2016,1.3117
08/10/2016,1.306
08/11/2016,1.3007
08/12/2016,1.2945
08/15/2016,1.2922
08/16/2016,1.2862
08/17/2016,1.2885
08/18/2016,1.2775
08/19/2016,1.2878
08/22/2016,1.2942
08/23/2016,1.2902
08/24/2016,1.294
08/25/2016,1.2937
08/26/2016,1.2947
08/29/2016,1.3019
08/30/2016,1.3076
08/31/2016,1.3124
09/01/2016,1.3107
09/02/2016,1.2999
09/06/2016,1.2843
09/07/2016,1.2895
09/08/2016,1.2909
09/09/2016,1.3033
09/12/2016,1.3077
09/13/2016,1.3167
09/14/2016,1.3189
09/15/2016,1.3146
09/16/2016,1.3213
09/19/2016,1.3181
09/20/2016,1.3228
09/21/2016,1.3186
09/22/2016,1.3039
09/23/2016,1.3165
09/26/2016,1.3197
09/27/2016,1.3248
09/28/2016,1.3242
09/29/2016,1.3101
09/30/2016,1.3117
10/03/2016,1.3137
10/04/2016,1.317
10/05/2016,1.3178
10/06/2016,1.321
10/07/2016,1.3304
10/11/2016,1.3239
10/12/2016,1.3277
10/13/2016,1.3219
10/14/2016,1.3168
10/17/2016,1.3138
10/18/2016,1.3104
10/19/2016,1.3107
10/20/2016,1.3198
10/21/2016,1.3324
10/24/2016,1.3388
10/25/2016,1.3334
10/26/2016,1.336
10/27/2016,1.3386
10/28/2016,1.3385
10/31/2016,1.3403
11/01/2016,1.3379
11/02/2016,1.339
11/03/2016,1.3386
11/04/2016,1.3412
11/07/2016,1.3383
11/08/2016,1.3337
11/09/2016,1.3408
11/10/2016,1.3475
11/14/2016,1.3582
11/15/2016,1.3468
11/16/2016,1.3416
11/17/2016,1.3429
11/18/2016,1.3519
11/21/2016,1.3437
11/22/2016,1.3444
11/23/2016,1.347
11/24/2016,1.3487
11/25/2016,1.3514
11/28/2016,1.3401
11/29/2016,1.3435
11/30/2016,1.3426
12/01/2016,1.3331
12/02/2016,1.3298
12/05/2016,1.3272
12/06/2016,1.3281
12/07/2016,1.3252
12/08/2016,1.3221
12/09/2016,1.3164
12/12/2016,1.314
12/13/2016,1.312
12/14/2016,1.3123
12/15/2016,1.3397
12/16/2016,1.3338
12/19/2016,1.3397
12/20/2016,1.3378
12/21/2016,1.3401
12/22/2016,1.3468
12/23/2016,1.3535
12/28/2016,1.3556
12/29/2016,1.3488
12/30/2016,1.3427
01/03/2017,1.3438
01/04/2017,1.3293
01/05/2017,1.3216
01/06/2017,1.3216
01/09/2017,1.3222
01/10/2017,1.3208
01/11/2017,1.3232
01/12/2017,1.313
01/13/2017,1.3135
01/16/2017,1.3163
01/17/2017,1.306
01/18/2017,1.3177
01/19/2017,1.3329
01/20/2017,1.3339
01/23/2017,1.3289
01/24/2017,1.3152
01/25/2017,1.3075
01/26/2017,1.3104
01/27/2017,1.3108
01/30/2017,1.3093
01/31/2017,1.303
02/01/2017,1.3089
02/02/2017,1.3019
02/03/2017,1.3004
02/06/2017,1.3117
02/07/2017,1.3167
02/08/2017,1.3157
02/09/2017,1.3141
02/10/2017,1.3074
02/13/2017,1.3071
02/14/2017,1.3093
02/15/2017,1.3084
02/16/2017,1.3058
02/17/2017,1.3116
02/21/2017,1.3149
02/22/2017,1.3187
02/23/2017,1.3109
02/24/2017,1.3104
02/27/2017,1.3101
02/28/2017,1.3248
03/01/2017,1.3346
03/02/2017,1.3384
03/03/2017,1.3419
03/06/2017,1.341
03/07/2017,1.3413
03/08/2017,1.3481
03/09/2017,1.3505
03/10/2017,1.3469
03/13/2017,1.3453
03/14/2017,1.3463
03/15/2017,1.3451
03/16/2017,1.3316
03/17/2017,1.3369
03/20/2017,1.3357
03/21/2017,1.332
03/22/2017,1.3347
03/23/2017,1.3333
03/24/2017,1.3373
03/27/2017,1.3368
03/28/2017,1.3363
03/29/2017,1.3372
03/30/2017,1.3279
03/31/2017,1.3322
04/03/2017,1.3389
04/04/2017,1.3415
04/05/2017,1.3411
04/06/2017,1.3409
04/07/2017,1.3397
04/10/2017,1.3347
04/11/2017,1.3335
04/12/2017,1.3302
04/13/2017,1.3265
04/17/2017,1.3277
04/18/2017,1.3381
04/19/2017,1.3469
04/20/2017,1.348
04/21/2017,1.3503
04/24/2017,1.3516
04/25/2017,1.3615
04/26/2017,1.3592
04/27/2017,1.3667
04/28/2017,1.3665
01/03/2017,1.3435
01/04/2017,1.3315
01/05/2017,1.3244
01/06/2017,1.3214
01/09/2017,1.324
01/10/2017,1.3213
01/11/2017,1.325
01/12/2017,1.3106
01/13/2017,1.3141
01/16/2017,1.3152
01/17/2017,1.3057
01/18/2017,1.3099
01/19/2017,1.3303
01/20/2017,1.3356
01/23/2017,1.3291
01/24/2017,1.3174
01/25/2017,1.3088
01/26/2017,1.3103
01/27/2017,1.3123
01/30/2017,1.3114
01/31/2017,1.303
02/01/2017,1.3074
02/02/2017,1.3016
02/03/2017,1.3016
02/06/2017,1.3099
02/07/2017,1.3167
02/08/2017,1.3157
02/09/2017,1.3127
02/10/2017,1.3084
02/13/2017,1.3082
02/14/2017,1.307
02/15/2017,1.3088
02/16/2017,1.3055
02/17/2017,1.3102
02/21/2017,1.3148
02/22/2017,1.3181
02/23/2017,1.311
02/24/2017,1.3095
02/27/2017,1.3118
02/28/2017,1.3249
03/01/2017,1.3338
03/02/2017,1.3387
03/03/2017,1.3405
03/06/2017,1.3404
03/07/2017,1.3417
03/08/2017,1.3475
03/09/2017,1.3513
03/10/2017,1.3464
03/13/2017,1.3447
03/14/2017,1.3484
03/15/2017,1.3428
03/16/2017,1.3319
03/17/2017,1.3337
03/20/2017,1.3358
03/21/2017,1.3317
03/22/2017,1.336
03/23/2017,1.3336
03/24/2017,1.3374
03/27/2017,1.3373
03/28/2017,1.3374
03/29/2017,1.3364
03/30/2017,1.3304
03/31/2017,1.331
04/03/2017,1.3384
04/04/2017,1.3425
04/05/2017,1.3409
04/06/2017,1.3418
04/07/2017,1.3395
04/10/2017,1.3349
04/11/2017,1.3332
04/12/2017,1.33
04/13/2017,1.3275
04/17/2017,1.3289
04/18/2017,1.3377
04/19/2017,1.346
04/20/2017,1.3482
04/21/2017,1.3506
04/24/2017,1.3492
04/25/2017,1.3592
04/26/2017,1.3593
04/27/2017,1.3624
04/28/2017,1.3662
05/01/2017,1.366
05/02/2017,1.372
05/03/2017,1.3714
05/04/2017,1.3743
05/05/2017,1.3712
05/08/2017,1.3705
05/09/2017,1.3728
05/10/2017,1.3672
05/11/2017,1.3707
05/12/2017,1.3714
05/15/2017,1.3641
05/16/2017,1.3596
05/17/2017,1.3614
05/18/2017,1.3611
05/19/2017,1.3544
05/23/2017,1.349
05/24/2017,1.346
05/25/2017,1.3453
05/26/2017,1.3456
05/29/2017,1.3446
05/30/2017,1.3469
05/31/2017,1.35
06/01/2017,1.35
06/02/2017,1.3504
06/05/2017,1.3483
06/06/2017,1.3461
06/07/2017,1.3492
06/08/2017,1.3503
06/09/2017,1.3453
06/12/2017,1.3415
06/13/2017,1.3238
06/14/2017,1.3209
06/15/2017,1.3283
06/16/2017,1.3232
06/19/2017,1.322
06/20/2017,1.3267
06/21/2017,1.331
06/22/2017,1.3241
06/23/2017,1.3268
06/26/2017,1.3238
06/27/2017,1.3188
06/28/2017,1.306
06/29/2017,1.3015
06/30/2017,1.2977
07/04/2017,1.2941
07/05/2017,1.2982
07/06/2017,1.2946
07/07/2017,1.2887
07/10/2017,1.2888
07/11/2017,1.292
07/12/2017,1.2794
07/13/2017,1.2743
07/14/2017,1.2672
07/17/2017,1.2669
07/18/2017,1.2628
07/19/2017,1.2595
07/20/2017,1.2585
07/21/2017,1.2549
07/24/2017,1.2512
07/25/2017,1.2507
07/26/2017,1.2505
07/27/2017,1.252
07/28/2017,1.2447
07/31/2017,1.2485
08/01/2017,1.2514
08/02/2017,1.256
08/03/2017,1.2578
08/04/2017,1.2638
08/08/2017,1.2672
08/09/2017,1.2705
08/10/2017,1.2711
08/11/2017,1.2685
08/14/2017,1.2705
08/15/2017,1.2755
08/16/2017,1.2699
08/17/2017,1.2647
08/18/2017,1.2586
08/21/2017,1.2575
08/22/2017,1.2552
08/23/2017,1.2564
08/24/2017,1.2529
08/25/2017,1.2492
08/28/2017,1.2482
08/29/2017,1.2515
08/30/2017,1.2605
08/31/2017,1.2536
09/01/2017,1.239
09/05/2017,1.2371
09/06/2017,1.2264
09/07/2017,1.2148
09/08/2017,1.2132
09/11/2017,1.2128
09/12/2017,1.2159
09/13/2017,1.2187
09/14/2017,1.2198
09/15/2017,1.2182
09/18/2017,1.2238
09/19/2017,1.2277
09/20/2017,1.2273
09/21/2017,1.2339
09/22/2017,1.2317
09/25/2017,1.2341
09/26/2017,1.237
09/27/2017,1.2412
09/28/2017,1.245
09/29/2017,1.248
10/02/2017,1.2505
10/03/2017,1.25
10/04/2017,1.2479
10/05/2017,1.2548
10/06/2017,1.2549
10/10/2017,1.2501
10/11/2017,1.2498
10/12/2017,1.2472
10/13/2017,1.2487
10/16/2017,1.2529
10/17/2017,1.2548
10/18/2017,1.2486
10/19/2017,1.2478
10/20/2017,1.2601
10/23/2017,1.2644
10/24/2017,1.2666
10/25/2017,1.2771
10/26/2017,1.2831
10/27/2017,1.2874
10/30/2017,1.2837
10/31/2017,1.2893
11/01/2017,1.2885
11/02/2017,1.2822
11/03/2017,1.2764
11/06/2017,1.2746
11/07/2017,1.2785
11/08/2017,1.2729
11/09/2017,1.2692
11/10/2017,1.2683
11/14/2017,1.2733
11/15/2017,1.2773
11/16/2017,1.2745
11/17/2017,1.2783
11/20/2017,1.2793
11/21/2017,1.2778
11/22/2017,1.2729
11/23/2017,1.2715
11/24/2017,1.2708
11/27/2017,1.2735
11/28/2017,1.2807
11/29/2017,1.2853
11/30/2017,1.2888
12/01/2017,1.2729
12/04/2017,1.2695
12/05/2017,1.268
12/06/2017,1.2757
12/07/2017,1.2843
12/08/2017,1.286
12/11/2017,1.2854
12/12/2017,1.2871
12/13/2017,1.2852
12/14/2017,1.2805
12/15/2017,1.2834
12/18/2017,1.2865
12/19/2017,1.2886
12/20/2017,1.2842
12/21/2017,1.2734
12/22/2017,1.2759
12/27/2017,1.2641
12/28/2017,1.2588
12/29/2017,1.2545
01/02/2018,1.2517
01/03/2018,1.2533
01/04/2018,1.2515
01/05/2018,1.2403
01/08/2018,1.2422
01/09/2018,1.2454
01/10/2018,1.2496
01/11/2018,1.2535
01/12/2018,1.2504
01/15/2018,1.2422
01/16/2018,1.2419
01/17/2018,1.2425
01/18/2018,1.2446
01/19/2018,1.2459
01/22/2018,1.2458
01/23/2018,1.2454
01/24/2018,1.2341
01/25/2018,1.2323
01/26/2018,1.2321
01/29/2018,1.2335
01/30/2018,1.2328
01/31/2018,1.2293
02/01/2018,1.2288
02/02/2018,1.238
02/05/2018,1.2483
02/06/2018,1.253
02/07/2018,1.2546
02/08/2018,1.2585
02/09/2018,1.2609
02/12/2018,1.2603
02/13/2018,1.26
02/14/2018,1.2562
02/15/2018,1.2507
02/16/2018,1.254
02/20/2018,1.2622
02/21/2018,1.2671
02/22/2018,1.2709
02/23/2018,1.2668
02/26/2018,1.2686
02/27/2018,1.274
02/28/2018,1.2809
03/01/2018,1.2851
03/02/2018,1.2891
03/05/2018,1.2977
03/06/2018,1.2898
03/07/2018,1.2947
03/08/2018,1.2927
03/09/2018,1.284
03/12/2018,1.283
03/13/2018,1.2912
03/14/2018,1.2944
03/15/2018,1.3032
03/16/2018,1.3088
03/19/2018,1.3079
03/20/2018,1.3077
03/21/2018,1.2958
03/22/2018,1.2908
03/23/2018,1.2856
03/26/2018,1.2886
03/27/2018,1.2869
03/28/2018,1.2902
03/29/2018,1.2894
04/02/2018,1.2908
04/03/2018,1.2812
04/04/2018,1.2809
04/05/2018,1.2776
04/06/2018,1.2764
04/09/2018,1.2729
04/10/2018,1.2618
04/11/2018,1.2584
04/12/2018,1.2596
04/13/2018,1.2597
04/16/2018,1.2579
04/17/2018,1.2552
04/18/2018,1.2614
04/19/2018,1.2633
04/20/2018,1.2728
04/23/2018,1.2833
04/24/2018,1.2828
04/25/2018,1.2869
04/26/2018,1.2862
04/27/2018,1.2857
04/30/2018,1.2836
05/01/2018,1.2867
05/02/2018,1.2851
05/03/2018,1.2862
05/04/2018,1.2861
05/07/2018,1.2864
05/08/2018,1.2963
05/09/2018,1.2856
05/10/2018,1.2775
05/11/2018,1.2779
05/14/2018,1.2775
05/15/2018,1.2876
05/16/2018,1.2809
05/17/2018,1.2801
05/18/2018,1.288
05/22/2018,1.2786
05/23/2018,1.2876
05/24/2018,1.2891
05/25/2018,1.2974
05/28/2018,1.3001
05/29/2018,1.302
05/30/2018,1.2897
05/31/2018,1.2948
06/01/2018,1.2964
06/04/2018,1.2928
06/05/2018,1.2993
06/06/2018,1.2913
06/07/2018,1.2972
06/08/2018,1.2962
06/11/2018,1.2993
06/12/2018,1.3004
06/13/2018,1.2988
06/14/2018,1.3052
06/15/2018,1.3177
06/18/2018,1.3208
06/19/2018,1.3276
06/20/2018,1.3301
06/21/2018,1.331
06/22/2018,1.3308
06/25/2018,1.3303
06/26/2018,1.3306
06/27/2018,1.3307
06/28/2018,1.3267
06/29/2018,1.3168
07/03/2018,1.3154
07/04/2018,1.3143
07/05/2018,1.3129
07/06/2018,1.3105
07/09/2018,1.3097
07/10/2018,1.3125
07/11/2018,1.3151
07/12/2018,1.3166
07/13/2018,1.3171
07/16/2018,1.3137
07/17/2018,1.3187
07/18/2018,1.3204
07/19/2018,1.3255
07/20/2018,1.3142
07/23/2018,1.3156
07/24/2018,1.3157
07/25/2018,1.3088
07/26/2018,1.3065
07/27/2018,1.3062
07/30/2018,1.3021
07/31/2018,1.3017
08/01/2018,1.3002
08/02/2018,1.3014
08/03/2018,1.2983
08/07/2018,1.3023
08/08/2018,1.3052
08/09/2018,1.304
08/10/2018,1.3113
08/13/2018,1.3136
08/14/2018,1.3087
08/15/2018,1.3138
08/16/2018,1.3152
08/17/2018,1.3081
08/20/2018,1.3065
08/21/2018,1.3036
08/22/2018,1.3016
08/23/2018,1.3063
08/24/2018,1.3036
08/27/2018,1.2986
08/28/2018,1.2917
08/29/2018,1.2931
08/30/2018,1.298
08/31/2018,1.3055
09/04/2018,1.3182
09/05/2018,1.3185
09/06/2018,1.3188
09/07/2018,1.3164
09/10/2018,1.3163
09/11/2018,1.3141
09/12/2018,1.3014
09/13/2018,1.2997
09/14/2018,1.3033
09/17/2018,1.3019
09/18/2018,1.2992
09/19/2018,1.2947
09/20/2018,1.2905
09/21/2018,1.2916
09/24/2018,1.2935
09/25/2018,1.2948
09/26/2018,1.2975
09/27/2018,1.3045
09/28/2018,1.2945
10/01/2018,1.2803
10/02/2018,1.2817
10/03/2018,1.2832
10/04/2018,1.29
10/05/2018,1.2936
10/09/2018,1.2965
10/10/2018,1.2992
10/11/2018,1.3038
10/12/2018,1.3031
10/15/2018,1.2993
10/16/2018,1.2938
10/17/2018,1.2994
10/18/2018,1.3057
10/19/2018,1.3104
10/22/2018,1.3105
10/23/2018,1.3098
10/24/2018,1.3029
10/25/2018,1.3076
10/26/2018,1.3108
10/29/2018,1.3119
10/30/2018,1.3133
10/31/2018,1.3142
11/01/2018,1.3088
11/02/2018,1.3105
11/05/2018,1.3096
11/06/2018,1.313
11/07/2018,1.3096
11/08/2018,1.3114
11/09/2018,1.3206
11/13/2018,1.3241
11/14/2018,1.3235
11/15/2018,1.3202
11/16/2018,1.3154
11/19/2018,1.3182
11/20/2018,1.3259
11/21/2018,1.327
11/22/2018,1.3205
11/23/2018,1.3228
11/26/2018,1.323
11/27/2018,1.3289
11/28/2018,1.3302
11/29/2018,1.3275
11/30/2018,1.3301
12/03/2018,1.3191
12/04/2018,1.3219
12/05/2018,1.3353
12/06/2018,1.3404
12/07/2018,1.3299
12/10/2018,1.3379
12/11/2018,1.3402
12/12/2018,1.3346
12/13/2018,1.3359
12/14/2018,1.3379
12/17/2018,1.3399
12/18/2018,1.3454
12/19/2018,1.345
12/20/2018,1.3495
12/21/2018,1.3566
12/24/2018,1.3589
12/27/2018,1.3641
12/28/2018,1.3638
12/31/2018,1.3642
01/02/2019,1.36
01/03/2019,1.3501
01/04/2019,1.341
01/07/2019,1.3313
01/08/2019,1.3293
01/09/2019,1.3221
01/10/2019,1.3234
01/11/2019,1.3259
01/14/2019,1.3269
01/15/2019,1.3266
01/16/2019,1.3248
01/17/2019,1.3294
01/18/2019,1.326
01/21/2019,1.3297
01/22/2019,1.334
01/23/2019,1.3348
01/24/2019,1.3351
01/25/2019,1.3256
01/28/2019,1.326
01/29/2019,1.3266
01/30/2019,1.3192
01/31/2019,1.3144
02/01/2019,1.3095
02/04/2019,1.3127
02/05/2019,1.3134
02/06/2019,1.319
02/07/2019,1.3285
02/08/2019,1.327
02/11/2019,1.3294
02/12/2019,1.3248
02/13/2019,1.324
02/14/2019,1.3298
02/15/2019,1.3266
02/19/2019,1.3238
02/20/2019,1.3169
02/21/2019,1.3196
02/22/2019,1.3173
02/25/2019,1.3174
02/26/2019,1.3195
02/27/2019,1.3145
02/28/2019,1.3169
03/01/2019,1.326
03/04/2019,1.3317
03/05/2019,1.3345
03/06/2019,1.342
03/07/2019,1.3438
03/08/2019,1.3422
03/11/2019,1.3414
03/12/2019,1.3378
03/13/2019,1.3326
03/14/2019,1.3327
03/15/2019,1.3342
03/18/2019,1.3345
03/19/2019,1.3292
03/20/2019,1.3317
03/21/2019,1.3366
03/22/2019,1.3411
03/25/2019,1.342
03/26/2019,1.3386
03/27/2019,1.3414
03/28/2019,1.3429
03/29/2019,1.3363
04/01/2019,1.3337
04/02/2019,1.3344
04/03/2019,1.3324
04/04/2019,1.3357
04/05/2019,1.3386
04/08/2019,1.3325
04/09/2019,1.3316
04/10/2019,1.3326
04/11/2019,1.3378
04/12/2019,1.3329
04/15/2019,1.3354
04/16/2019,1.3361
04/17/2019,1.3332
04/18/2019,1.3382
04/22/2019,1.3353
04/23/2019,1.3421
04/24/2019,1.3475
04/25/2019,1.3493
04/26/2019,1.346
04/29/2019,1.3456
04/30/2019,1.3423
05/01/2019,1.3416
05/02/2019,1.3462
05/03/2019,1.3429
05/06/2019,1.3456
05/07/2019,1.3476
05/08/2019,1.3466
05/09/2019,1.3483
05/10/2019,1.3418
05/13/2019,1.3457
05/14/2019,1.3469
05/15/2019,1.3451
05/16/2019,1.3439
05/17/2019,1.3468
05/21/2019,1.3413
05/22/2019,1.341
05/23/2019,1.3478
05/24/2019,1.3447
05/27/2019,1.3442
05/28/2019,1.3477
05/29/2019,1.3514
05/30/2019,1.3501
05/31/2019,1.3527
06/03/2019,1.347
06/04/2019,1.3414
06/05/2019,1.3401
06/06/2019,1.3378
06/07/2019,1.3283
06/10/2019,1.3267
06/11/2019,1.3278
06/12/2019,1.3303
06/13/2019,1.3324
06/14/2019,1.3385
06/17/2019,1.3407
06/18/2019,1.3394
06/19/2019,1.3343
06/20/2019,1.3191
06/21/2019,1.3212
06/24/2019,1.3194
06/25/2019,1.3174
06/26/2019,1.313
06/27/2019,1.3111
06/28/2019,1.3087
07/02/2019,1.3114
07/03/2019,1.3073
07/04/2019,1.3059
07/05/2019,1.3099
07/08/2019,1.3081
07/09/2019,1.3127
07/10/2019,1.3092
07/11/2019,1.3071
07/12/2019,1.3038
07/15/2019,1.3039
07/16/2019,1.3052
07/17/2019,1.3053
07/18/2019,1.3069
07/19/2019,1.3071
07/22/2019,1.3103
07/23/2019,1.3142
07/24/2019,1.3137
07/25/2019,1.3146
07/26/2019,1.3182
07/29/2019,1.3159
07/30/2019,1.3168
07/31/2019,1.3148
08/01/2019,1.3217
08/02/2019,1.3225
08/06/2019,1.3253
08/07/2019,1.3322
08/08/2019,1.3257
08/09/2019,1.3221
08/12/2019,1.3234
08/13/2019,1.3236
08/14/2019,1.3311
08/15/2019,1.3325
08/16/2019,1.3286
08/19/2019,1.3298
08/20/2019,1.3323
08/21/2019,1.3278
08/22/2019,1.3293
08/23/2019,1.331
08/26/2019,1.3279
08/27/2019,1.3267
08/28/2019,1.3301
08/29/2019,1.3296
08/30/2019,1.3295
09/03/2019,1.3343
09/04/2019,1.3263
09/05/2019,1.3228
09/06/2019,1.3174
09/09/2019,1.3155
09/10/2019,1.3153
09/11/2019,1.3181
09/12/2019,1.3205
09/13/2019,1.3257
09/16/2019,1.3248
09/17/2019,1.3257
09/18/2019,1.3271
09/19/2019,1.3259
09/20/2019,1.3275
09/23/2019,1.327
09/24/2019,1.3249
09/25/2019,1.327
09/26/2019,1.326
09/27/2019,1.3249
09/30/2019,1.3243
10/01/2019,1.3244
10/02/2019,1.3294
10/03/2019,1.333
10/04/2019,1.3317
10/07/2019,1.3306
10/08/2019,1.3323
10/09/2019,1.3324
10/10/2019,1.3294
10/11/2019,1.3198
10/15/2019,1.3211
10/16/2019,1.3201
10/17/2019,1.3143
10/18/2019,1.3132
10/21/2019,1.3096
10/22/2019,1.3094
10/23/2019,1.3086
10/24/2019,1.3075
10/25/2019,1.3064
10/28/2019,1.3056
10/29/2019,1.3075
10/30/2019,1.3152
10/31/2019,1.316
11/01/2019,1.3157
11/04/2019,1.3148
11/05/2019,1.3153
11/06/2019,1.3179
11/07/2019,1.3176
11/08/2019,1.3223
11/12/2019,1.3228
11/13/2019,1.3249
11/14/2019,1.3258
11/15/2019,1.3231
11/18/2019,1.3214
11/19/2019,1.3237
11/20/2019,1.3304
11/21/2019,1.3285
11/22/2019,1.3287
11/25/2019,1.3307
11/26/2019,1.3288
11/27/2019,1.3278
11/28/2019,1.3285
11/29/2019,1.3289
12/02/2019,1.3297
12/03/2019,1.3302
12/04/2019,1.3223
12/05/2019,1.3174
12/06/2019,1.3255
12/09/2019,1.3235
12/10/2019,1.3233
12/11/2019,1.3201
12/12/2019,1.3182
12/13/2019,1.3183
12/16/2019,1.3142
12/17/2019,1.316
12/18/2019,1.3119
12/19/2019,1.3122
12/20/2019,1.3164
12/23/2019,1.316
12/24/2019,1.3157
12/27/2019,1.3078
12/30/2019,1.3059
12/31/2019,1.2988
01/02/2020,1.2992
01/03/2020,1.2988
01/06/2020,1.297
01/07/2020,1.3009
01/08/2020,1.3026
01/09/2020,1.3079
01/10/2020,1.3051
01/13/2020,1.3048
01/14/2020,1.3062
01/15/2020,1.305
01/16/2020,1.3045
01/17/2020,1.3062
01/20/2020,1.3053
01/21/2020,1.3067
01/22/2020,1.3116
01/23/2020,1.3143
01/24/2020,1.314
01/27/2020,1.3182
01/28/2020,1.3179
01/29/2020,1.3196
01/30/2020,1.3217
01/31/2020,1.3233
02/03/2020,1.3275
02/04/2020,1.3278
02/05/2020,1.3289
02/06/2020,1.329
02/07/2020,1.3305
02/10/2020,1.3319
02/11/2020,1.3292
02/12/2020,1.3254
02/13/2020,1.3256
02/14/2020,1.3249
02/18/2020,1.3258
02/19/2020,1.3231
02/20/2020,1.3254
02/21/2020,1.3224
02/24/2020,1.3279
02/25/2020,1.3281
02/26/2020,1.3307
02/27/2020,1.3361
02/28/2020,1.3429
03/02/2020,1.3356
03/03/2020,1.3363
03/04/2020,1.3392
03/05/2020,1.3415
03/06/2020,1.3421
03/09/2020,1.3598
03/10/2020,1.3731
03/11/2020,1.3745
03/12/2020,1.382
03/13/2020,1.3901
03/16/2020,1.3964
03/17/2020,1.4175
03/18/2020,1.4496
03/19/2020,1.4495
03/20/2020,1.4332
03/23/2020,1.4482
03/24/2020,1.4491
03/25/2020,1.4302
03/26/2020,1.4077
03/27/2020,1.4056
03/30/2020,1.4156
03/31/2020,1.4187
04/01/2020,1.4217
04/02/2020,1.4179
04/03/2020,1.4142
04/06/2020,1.4127
04/07/2020,1.3986
04/08/2020,1.4034
04/09/2020,1.3985
04/13/2020,1.3936
04/14/2020,1.3904
04/15/2020,1.4086
04/16/2020,1.4122
04/17/2020,1.4037
04/20/2020,1.4086
04/21/2020,1.4203
04/22/2020,1.4155
04/23/2020,1.4063
04/24/2020,1.409
04/27/2020,1.4053
04/28/2020,1.3978
04/29/2020,1.3922
04/30/2020,1.391
05/01/2020,1.4066
05/04/2020,1.4085
05/05/2020,1.4032
05/06/2020,1.4124
05/07/2020,1.4015
05/08/2020,1.3934
05/11/2020,1.4012
05/12/2020,1.4015
05/13/2020,1.4073
05/14/2020,1.409
05/15/2020,1.4094
05/19/2020,1.3893
05/20/2020,1.3892
05/21/2020,1.3935
05/22/2020,1.4015
05/25/2020,1.3984
05/26/2020,1.3804
05/27/2020,1.378
05/28/2020,1.3764
05/29/2020,1.3787
06/01/2020,1.363
06/02/2020,1.3515
06/03/2020,1.3504
06/04/2020,1.3508
06/05/2020,1.3429
06/08/2020,1.3383
06/09/2020,1.3423
06/10/2020,1.339
06/11/2020,1.3553
06/12/2020,1.3596
06/15/2020,1.3604
06/16/2020,1.3558
06/17/2020,1.3555
06/18/2020,1.3589
06/19/2020,1.3587
06/22/2020,1.3545
06/23/2020,1.3516
06/24/2020,1.3591
06/25/2020,1.3645
06/26/2020,1.3676
06/29/2020,1.3682
06/30/2020,1.3628
07/02/2020,1.3586
07/03/2020,1.3565
07/06/2020,1.3543
07/07/2020,1.3583
07/08/2020,1.3538
07/09/2020,1.3555
07/10/2020,1.3594
07/13/2020,1.3567
07/14/2020,1.3616
07/15/2020,1.3534
07/16/2020,1.3543
07/17/2020,1.3574
07/20/2020,1.3543
07/21/2020,1.3446
07/22/2020,1.342
07/23/2020,1.3392
07/24/2020,1.3421
07/27/2020,1.3378
07/28/2020,1.3373
07/29/2020,1.336
07/30/2020,1.3432
07/31/2020,1.3404
08/04/2020,1.3372
08/05/2020,1.3262
08/06/2020,1.3292
08/07/2020,1.3377
08/10/2020,1.3354
08/11/2020,1.3291
08/12/2020,1.3254
08/13/2020,1.3217
08/14/2020,1.325
08/17/2020,1.3207
08/18/2020,1.317
08/19/2020,1.3171
08/20/2020,1.3195
08/21/2020,1.3205
08/24/2020,1.3207
08/25/2020,1.3194
08/26/2020,1.3155
08/27/2020,1.3129
08/28/2020,1.3097
08/31/2020,1.3042
09/01/2020,1.3055
09/02/2020,1.3067
09/03/2020,1.3123
09/04/2020,1.3089
09/08/2020,1.3191
09/09/2020,1.3173
09/10/2020,1.3162
09/11/2020,1.3186
09/14/2020,1.3175
09/15/2020,1.3176
09/16/2020,1.3168
09/17/2020,1.32
09/18/2020,1.3186
09/21/2020,1.3293
09/22/2020,1.331
09/23/2020,1.3358
09/24/2020,1.3374
09/25/2020,1.3396
09/28/2020,1.3378
09/29/2020,1.3391
09/30/2020,1.3339
10/01/2020,1.3292
10/02/2020,1.331
10/05/2020,1.3269
10/06/2020,1.3272
10/07/2020,1.3275
10/08/2020,1.322
10/09/2020,1.3136
10/13/2020,1.3133
10/14/2020,1.3139
10/15/2020,1.323
10/16/2020,1.3192
10/19/2020,1.3165
10/20/2020,1.3138
10/21/2020,1.3122
10/22/2020,1.3142
10/23/2020,1.314
10/26/2020,1.3201
10/27/2020,1.3164
10/28/2020,1.3302
10/29/2020,1.3349
10/30/2020,1.3318
11/02/2020,1.3257
11/03/2020,1.3145
11/04/2020,1.3138
11/05/2020,1.3051
11/06/2020,1.3039
11/09/2020,1.297
11/10/2020,1.3017
11/12/2020,1.3123
11/13/2020,1.3147
11/16/2020,1.3085
11/17/2020,1.3094
11/18/2020,1.3063
11/19/2020,1.3083
11/20/2020,1.3071
11/23/2020,1.3082
11/24/2020,1.3033
11/25/2020,1.3003
11/26/2020,1.3013
11/27/2020,1.2985
11/30/2020,1.2965
12/01/2020,1.2952
12/02/2020,1.2934
12/03/2020,1.288
12/04/2020,1.2801
12/07/2020,1.2801
12/08/2020,1.2808
12/09/2020,1.2803
12/10/2020,1.2734
12/11/2020,1.2769
12/14/2020,1.2757
12/15/2020,1.2722
12/16/2020,1.2753
12/17/2020,1.2718
12/18/2020,1.2775
12/21/2020,1.2849
12/22/2020,1.2908
12/23/2020,1.2856
12/24/2020,1.2835
12/29/2020,1.2806
12/30/2020,1.2769
12/31/2020,1.2732
01/04/2021,1.2751
01/05/2021,1.2707
01/06/2021,1.2685
01/07/2021,1.2707
01/08/2021,1.2705
01/11/2021,1.2788
01/12/2021,1.2746
01/13/2021,1.271
01/14/2021,1.2654
01/15/2021,1.2727
01/18/2021,1.2762
01/19/2021,1.2735
01/20/2021,1.2656
01/21/2021,1.2627
01/22/2021,1.2716
01/25/2021,1.2738
01/26/2021,1.2702
01/27/2021,1.2775
01/28/2021,1.281
01/29/2021,1.278
02/01/2021,1.2824
02/02/2021,1.2818
02/03/2021,1.2783
02/04/2021,1.2828
02/05/2021,1.2777
02/08/2021,1.2753
02/09/2021,1.2719
02/10/2021,1.2689
02/11/2021,1.2686
02/12/2021,1.2711
02/16/2021,1.2684
02/17/2021,1.2712
02/18/2021,1.2696
02/19/2021,1.2614
02/22/2021,1.2613
02/23/2021,1.2603
02/24/2021,1.2548
02/25/2021,1.253
02/26/2021,1.2685
03/01/2021,1.2661
03/02/2021,1.2626
03/03/2021,1.2631
03/04/2021,1.2637
03/05/2021,1.2668
03/08/2021,1.266
03/09/2021,1.2635
03/10/2021,1.2637
03/11/2021,1.2561
03/12/2021,1.2493
03/15/2021,1.248
03/16/2021,1.2455
03/17/2021,1.2465
03/18/2021,1.2458
03/19/2021,1.2506
03/22/2021,1.2513
03/23/2021,1.2562
03/24/2021,1.2562
03/25/2021,1.2606
03/26/2021,1.258
03/29/2021,1.2594
03/30/2021,1.2631
03/31/2021,1.2575
04/01/2021,1.2565
04/05/2021,1.2525
04/06/2021,1.2559
04/07/2021,1.2617
04/08/2021,1.2579
04/09/2021,1.2544
04/12/2021,1.2553
04/13/2021,1.2554
04/14/2021,1.2533
04/15/2021,1.253
04/16/2021,1.2503
04/19/2021,1.2519
04/20/2021,1.2572
04/21/2021,1.2523
04/22/2021,1.25
04/23/2021,1.2489
04/26/2021,1.2412
04/27/2021,1.2403
04/28/2021,1.2357
04/29/2021,1.2292
04/30/2021,1.2285
05/03/2021,1.2279
05/04/2021,1.2315
05/05/2021,1.2272
05/06/2021,1.22
05/07/2021,1.2156
05/10/2021,1.2095
05/11/2021,1.2096
05/12/2021,1.2096
05/13/2021,1.215
05/14/2021,1.2109
05/17/2021,1.2081
05/18/2021,1.2051
05/19/2021,1.21
05/20/2021,1.207
05/21/2021,1.2061
05/25/2021,1.2057
05/26/2021,1.211
05/27/2021,1.2073
05/28/2021,1.2086
05/31/2021,1.2072
06/01/2021,1.204
06/02/2021,1.2052
06/03/2021,1.2103
06/04/2021,1.2084
06/07/2021,1.2073
06/08/2021,1.2097
06/09/2021,1.2095
06/10/2021,1.2094
06/11/2021,1.2148
06/14/2021,1.2142
06/15/2021,1.2188
06/16/2021,1.2191
06/17/2021,1.2341
06/18/2021,1.2419
06/21/2021,1.2377
06/22/2021,1.2356
06/23/2021,1.2287
06/24/2021,1.2316
06/25/2021,1.2294
06/28/2021,1.2335
06/29/2021,1.2384
06/30/2021,1.2394
07/02/2021,1.2353
07/05/2021,1.2343
07/06/2021,1.2446
07/07/2021,1.2475
07/08/2021,1.254
07/09/2021,1.2476
07/12/2021,1.2471
07/13/2021,1.2514
07/14/2021,1.2497
07/15/2021,1.2572
07/16/2021,1.2593
07/19/2021,1.2759
07/20/2021,1.273
07/21/2021,1.2589
07/22/2021,1.2567
07/23/2021,1.2575
07/26/2021,1.2549
07/27/2021,1.2578
07/28/2021,1.2566
07/29/2021,1.245
07/30/2021,1.2462
08/03/2021,1.2545
08/04/2021,1.2545
08/05/2021,1.2497
08/06/2021,1.255
08/09/2021,1.2565
08/10/2021,1.254
08/11/2021,1.2506
08/12/2021,1.252
08/13/2021,1.2514
08/16/2021,1.2569
08/17/2021,1.2623
08/18/2021,1.263
08/19/2021,1.2792
08/20/2021,1.2856
08/23/2021,1.2682
08/24/2021,1.2608
08/25/2021,1.2619
08/26/2021,1.2651
08/27/2021,1.2635
08/30/2021,1.2603
08/31/2021,1.2617
09/01/2021,1.2607
09/02/2021,1.2573
09/03/2021,1.2518
09/07/2021,1.2621
09/08/2021,1.2676
09/09/2021,1.2654
09/10/2021,1.2631
09/13/2021,1.2662
09/14/2021,1.2661
09/15/2021,1.2651
09/16/2021,1.2674
09/17/2021,1.2721
09/20/2021,1.2828
09/21/2021,1.2801
09/22/2021,1.2756
09/23/2021,1.2653
09/24/2021,1.268
09/27/2021,1.2637
09/28/2021,1.268
09/29/2021,1.2741
10/01/2021,1.2654
10/04/2021,1.2583
10/05/2021,1.2575
10/06/2021,1.2613
10/07/2021,1.2558
10/08/2021,1.2482
10/12/2021,1.2461
10/13/2021,1.2445
10/14/2021,1.2372
10/15/2021,1.2379
10/18/2021,1.2375
10/19/2021,1.2357
10/20/2021,1.2329
10/21/2021,1.2351
10/22/2021,1.2357
10/25/2021,1.2379
10/26/2021,1.2376
10/27/2021,1.2358
10/28/2021,1.2349
10/29/2021,1.2384
11/01/2021,1.2368
11/02/2021,1.2404
11/03/2021,1.2417
11/04/2021,1.2449
11/05/2021,1.2452
11/08/2021,1.2449
11/09/2021,1.2448
11/10/2021,1.2452
11/12/2021,1.2565
11/15/2021,1.2517
11/16/2021,1.255
11/17/2021,1.2595
11/18/2021,1.2615
11/19/2021,1.2639
11/22/2021,1.268
11/23/2021,1.2707
11/24/2021,1.2677
11/25/2021,1.2654
11/26/2021,1.2771
11/29/2021,1.2765
11/30/2021,1.2792
12/01/2021,1.2776
12/02/2021,1.2815
12/03/2021,1.2812
12/06/2021,1.278
12/07/2021,1.266
12/08/2021,1.2642
12/09/2021,1.27
12/10/2021,1.2714
12/13/2021,1.2791
12/14/2021,1.2845
12/15/2021,1.2893
12/16/2021,1.2782
12/17/2021,1.2846
12/20/2021,1.2942
12/21/2021,1.2927
12/22/2021,1.2865
12/23/2021,1.2816
12/24/2021,1.2813
12/29/2021,1.2804
12/30/2021,1.2776
12/31/2021,1.2678
01/04/2022,1.2708
01/05/2022,1.2717
01/06/2022,1.2741
01/07/2022,1.2666
01/10/2022,1.2679
01/11/2022,1.2606
01/12/2022,1.251
01/13/2022,1.2484
01/14/2022,1.2545
01/17/2022,1.252
01/18/2022,1.2529
01/19/2022,1.2492
01/20/2022,1.2474
01/21/2022,1.2545
01/24/2022,1.2656
01/25/2022,1.2629
01/26/2022,1.2606
01/27/2022,1.2712
01/28/2022,1.2772
01/31/2022,1.2719
02/01/2022,1.2694
02/02/2022,1.2677
02/03/2022,1.2679
02/04/2022,1.2758
02/07/2022,1.2688
02/08/2022,1.2709
02/09/2022,1.268
02/10/2022,1.2682
02/11/2022,1.2702
02/14/2022,1.2738
02/15/2022,1.2741
02/16/2022,1.2686
02/17/2022,1.2695
02/18/2022,1.2734
02/22/2022,1.2743
02/23/2022,1.2718
02/24/2022,1.2832
02/25/2022,1.2747
02/28/2022,1.2698
03/01/2022,1.2708
03/02/2022,1.2668
03/03/2022,1.2664
03/04/2022,1.275
03/07/2022,1.2773
03/08/2022,1.2867
03/09/2022,1.2821
03/10/2022,1.2776
03/11/2022,1.272
03/14/2022,1.2777
03/15/2022,1.2803
03/16/2022,1.2721
03/17/2022,1.2651
03/18/2022,1.2617
03/21/2022,1.2593
03/22/2022,1.2588
03/23/2022,1.2571
03/24/2022,1.2545
03/25/2022,1.2502
03/28/2022,1.2541
03/29/2022,1.2509
03/30/2022,1.247
03/31/2022,1.2496
04/01/2022,1.2512
04/04/2022,1.249
04/05/2022,1.2451
04/06/2022,1.2509
04/07/2022,1.2584
04/08/2022,1.2589
04/11/2022,1.2621
04/12/2022,1.2617
04/13/2022,1.2607
04/14/2022,1.2601
04/18/2022,1.2618
04/19/2022,1.2624
04/20/2022,1.2502
04/21/2022,1.2529
04/22/2022,1.2702
04/25/2022,1.2758
04/26/2022,1.2797
04/27/2022,1.2828
04/28/2022,1.2829
04/29/2022,1.2792
05/02/2022,1.2895
05/03/2022,1.2847
05/04/2022,1.281
05/05/2022,1.2822
05/06/2022,1.2882
05/09/2022,1.2964
05/10/2022,1.3012
05/11/2022,1.297
05/12/2022,1.3039
05/13/2022,1.2953
05/16/2022,1.2888
05/17/2022,1.2834
05/18/2022,1.2841
05/19/2022,1.2809
05/20/2022,1.2829
05/24/2022,1.2826
05/25/2022,1.2837
05/26/2022,1.2792
05/27/2022,1.2738
05/30/2022,1.2662
05/31/2022,1.2648
06/01/2022,1.2639
06/02/2022,1.2597
06/03/2022,1.2579
06/06/2022,1.2564
06/07/2022,1.2555
06/08/2022,1.254
06/09/2022,1.2644
06/10/2022,1.2777
06/13/2022,1.2859
06/14/2022,1.294
06/15/2022,1.2948
06/16/2022,1.2928
06/17/2022,1.3035
06/20/2022,1.2994
06/21/2022,1.2929
06/22/2022,1.2942
06/23/2022,1.2982
06/24/2022,1.2933
06/27/2022,1.2887
06/28/2022,1.2864
06/29/2022,1.2878
06/30/2022,1.2886
07/04/2022,1.2867
07/05/2022,1.3038
07/06/2022,1.3047
07/07/2022,1.2986
07/08/2022,1.2968
07/11/2022,1.3
07/12/2022,1.3015
07/13/2022,1.2976
07/14/2022,1.3138
07/15/2022,1.3038
07/18/2022,1.2948
07/19/2022,1.2904
07/20/2022,1.2884
07/21/2022,1.2895
07/22/2022,1.2876
07/25/2022,1.2852
07/26/2022,1.2883
07/27/2022,1.2872
07/28/2022,1.2835
07/29/2022,1.2824
08/02/2022,1.2856
08/03/2022,1.2853
08/04/2022,1.2854
08/05/2022,1.2934
08/08/2022,1.2857
08/09/2022,1.288
08/10/2022,1.2789
08/11/2022,1.2753
08/12/2022,1.2783
08/15/2022,1.2908
08/16/2022,1.2867
08/17/2022,1.2912
08/18/2022,1.2928
08/19/2022,1.2991
08/22/2022,1.3035
08/23/2022,1.2972
08/24/2022,1.2983
08/25/2022,1.2937
08/26/2022,1.2989
08/29/2022,1.3009
08/30/2022,1.3076
08/31/2022,1.3111
09/01/2022,1.3166
09/02/2022,1.3121
09/06/2022,1.3139
09/07/2022,1.3164
09/08/2022,1.3116
09/09/2022,1.3035
09/12/2022,1.298
09/13/2022,1.311
09/14/2022,1.3166
09/15/2022,1.32
09/16/2022,1.3285
09/19/2022,1.3288
09/20/2022,1.3345
09/21/2022,1.3397
09/22/2022,1.348
09/23/2022,1.357
09/26/2022,1.3716
09/27/2022,1.3726
09/28/2022,1.366
09/29/2022,1.3707
10/03/2022,1.3662
10/04/2022,1.3574
10/05/2022,1.3641
10/06/2022,1.3719
10/07/2022,1.3712
10/11/2022,1.3775
10/12/2022,1.3802
10/13/2022,1.3806
10/14/2022,1.3856
10/17/2022,1.373
10/18/2022,1.3756
10/19/2022,1.3779
10/20/2022,1.3729
10/21/2022,1.3713
10/24/2022,1.3722
10/25/2022,1.3638
10/26/2022,1.3565
10/27/2022,1.3547
10/28/2022,1.3615
10/31/2022,1.3649
11/01/2022,1.3614
11/02/2022,1.363
11/03/2022,1.3749
11/04/2022,1.3517
11/07/2022,1.3493
11/08/2022,1.3441
11/09/2022,1.348
11/10/2022,1.3378
11/14/2022,1.3288
11/15/2022,1.329
11/16/2022,1.3311
11/17/2022,1.335
11/18/2022,1.3385
11/21/2022,1.3452
11/22/2022,1.3396
11/23/2022,1.3392
11/24/2022,1.3338
11/25/2022,1.3377
11/28/2022,1.3453
11/29/2022,1.3578
11/30/2022,1.3508
12/01/2022,1.3433
12/02/2022,1.3468
12/05/2022,1.3532
12/06/2022,1.3649
12/07/2022,1.364
12/08/2022,1.3582
12/09/2022,1.363
12/12/2022,1.3658
12/13/2022,1.3547
12/14/2022,1.3561
12/15/2022,1.364
12/16/2022,1.3687
12/19/2022,1.3653
12/20/2022,1.3621
12/21/2022,1.3612
12/22/2022,1.3656
12/23/2022,1.3603
12/28/2022,1.3565
12/29/2022,1.3557
12/30/2022,1.3544
01/03/2023,1.3658
01/04/2023,1.3508
01/05/2023,1.3564
01/06/2023,1.3486
01/09/2023,1.3376
01/10/2023,1.3421
01/11/2023,1.3425
01/12/2023,1.3378
01/13/2023,1.3406
01/16/2023,1.3397
01/17/2023,1.339
01/18/2023,1.3439
01/19/2023,1.3472
01/20/2023,1.3421
01/23/2023,1.3382
01/24/2023,1.337
01/25/2023,1.3393
01/26/2023,1.3349
01/27/2023,1.3314
01/30/2023,1.3356
01/31/2023,1.335
02/01/2023,1.3321
02/02/2023,1.3312
02/03/2023,1.3391
02/06/2023,1.3442
02/07/2023,1.3435
02/08/2023,1.3429
02/09/2023,1.3427
02/10/2023,1.3362
02/13/2023,1.3343
02/14/2023,1.3345
02/15/2023,1.3411
02/16/2023,1.3439
02/17/2023,1.3487
02/21/2023,1.3516
02/22/2023,1.3542
02/23/2023,1.3549
02/24/2023,1.3622
02/27/2023,1.3573
02/28/2023,1.3609
03/01/2023,1.3612
03/02/2023,1.3614
03/03/2023,1.361
03/06/2023,1.3615
03/07/2023,1.3717
03/08/2023,1.3785
03/09/2023,1.379
03/10/2023,1.3807
03/13/2023,1.373
03/14/2023,1.3677
03/15/2023,1.3778
03/16/2023,1.3744
03/17/2023,1.3734
03/20/2023,1.3674
03/21/2023,1.3706
03/22/2023,1.3712
03/23/2023,1.3671
03/24/2023,1.3763
03/27/2023,1.3682
03/28/2023,1.3626
03/29/2023,1.3576
03/30/2023,1.3533
03/31/2023,1.3533
04/03/2023,1.3438
04/04/2023,1.3447
04/05/2023,1.3457
04/06/2023,1.3478
04/10/2023,1.3527
04/11/2023,1.3483
04/12/2023,1.3447
04/13/2023,1.3359
04/14/2023,1.3362
04/17/2023,1.3398
04/18/2023,1.3387
04/19/2023,1.3445
04/20/2023,1.3469
04/21/2023,1.3539
04/24/2023,1.3542
04/25/2023,1.3623
04/26/2023,1.3625
04/27/2023,1.3612
04/28/2023,1.3578
05/01/2023,1.3546
05/02/2023,1.3618
05/03/2023,1.3616
05/04/2023,1.3566
05/05/2023,1.3427
05/08/2023,1.3354
05/09/2023,1.339
05/10/2023,1.3375
05/11/2023,1.3477
05/12/2023,1.3534
05/15/2023,1.3487
05/16/2023,1.3456
05/17/2023,1.3463
05/18/2023,1.35
05/19/2023,1.3503
05/23/2023,1.3504
05/24/2023,1.3582
05/25/2023,1.3628
05/26/2023,1.3623
05/29/2023,1.3593
05/30/2023,1.3598
05/31/2023,1.3603
06/01/2023,1.3482
06/02/2023,1.3435
06/05/2023,1.3434
06/06/2023,1.3419
06/07/2023,1.3376
06/08/2023,1.3358
06/09/2023,1.3341
06/12/2023,1.3366
06/13/2023,1.331
06/14/2023,1.3297
06/15/2023,1.3252
06/16/2023,1.3198
06/19/2023,1.3206
06/20/2023,1.3241
06/21/2023,1.3183
06/22/2023,1.316
06/23/2023,1.3199
06/26/2023,1.3151
06/27/2023,1.3175
06/28/2023,1.3254
06/29/2023,1.3255
06/30/2023,1.324
07/04/2023,1.3219
07/05/2023,1.3273
07/06/2023,1.3348
07/07/2023,1.3293
07/10/2023,1.3284
07/11/2023,1.326
07/12/2023,1.3188
07/13/2023,1.3128
07/14/2023,1.3183
07/17/2023,1.3187
07/18/2023,1.319
07/19/2023,1.317
07/20/2023,1.3171
07/21/2023,1.3212
07/24/2023,1.3172
07/25/2023,1.3184
07/26/2023,1.322
07/27/2023,1.3201
07/28/2023,1.3232
07/31/2023,1.3177
08/01/2023,1.3291
08/02/2023,1.3335
08/03/2023,1.3351
08/04/2023,1.3355
08/08/2023,1.3456
08/09/2023,1.3431
08/10/2023,1.3409
08/11/2023,1.3443
08/14/2023,1.3461
08/15/2023,1.3482
08/16/2023,1.3518
08/17/2023,1.3524
08/18/2023,1.3552
08/21/2023,1.3543
08/22/2023,1.3549
08/23/2023,1.3552
08/24/2023,1.3565
08/25/2023,1.3606
08/28/2023,1.3596
08/29/2023,1.3593
08/30/2023,1.3535
08/31/2023,1.3531
09/01/2023,1.358
09/05/2023,1.3627
09/06/2023,1.3654
09/07/2023,1.3674
09/08/2023,1.3632
09/11/2023,1.3581
09/12/2023,1.356
09/13/2023,1.3551
09/14/2023,1.3515
09/15/2023,1.3526
09/18/2023,1.3491
09/19/2023,1.3426
09/20/2023,1.3423
09/21/2023,1.3486
09/22/2023,1.3464
09/25/2023,1.3471
09/26/2023,1.3509
09/27/2023,1.3515
09/28/2023,1.3493
09/29/2023,1.352
10/03/2023,1.3711
10/04/2023,1.3743
10/05/2023,1.3733
10/06/2023,1.3683
10/10/2023,1.3591
10/11/2023,1.3603
10/12/2023,1.3657
10/13/2023,1.3661
10/16/2023,1.3619
10/17/2023,1.3647
10/18/2023,1.3685
10/19/2023,1.3715
10/20/2023,1.3695
10/23/2023,1.3693
10/24/2023,1.3731
10/25/2023,1.3782
10/26/2023,1.3825
10/27/2023,1.3857
10/30/2023,1.3833
10/31/2023,1.3871
11/01/2023,1.3875
11/02/2023,1.3778
11/03/2023,1.3683
11/06/2023,1.3676
11/07/2023,1.376
11/08/2023,1.3797
11/09/2023,1.3781
11/10/2023,1.3819
11/14/2023,1.3725
11/15/2023,1.3675
11/16/2023,1.375
11/17/2023,1.3722
11/20/2023,1.3726
11/21/2023,1.3698
11/22/2023,1.3723
11/23/2023,1.3699
11/24/2023,1.3623
11/27/2023,1.3635
11/28/2023,1.3581
11/29/2023,1.359
11/30/2023,1.3582
12/01/2023,1.3507
12/04/2023,1.3541
12/05/2023,1.3579
12/06/2023,1.3574
12/07/2023,1.3597
12/08/2023,1.3588
12/11/2023,1.357
12/12/2023,1.3599
12/13/2023,1.3561
12/14/2023,1.3419
12/15/2023,1.3378
12/18/2023,1.3387
12/19/2023,1.3344
12/20/2023,1.3331
12/21/2023,1.3311
12/22/2023,1.3258
12/27/2023,1.3205
12/28/2023,1.3212
12/29/2023,1.3226
01/02/2024,1.3316
01/03/2024,1.3356
01/04/2024,1.3354
01/05/2024,1.3347
01/08/2024,1.3372
01/09/2024,1.3391
01/10/2024,1.3382
01/11/2024,1.3409
01/12/2024,1.3387
01/15/2024,1.3436
01/16/2024,1.3483
01/17/2024,1.3522
01/18/2024,1.3505
01/19/2024,1.3462
01/22/2024,1.3454
01/23/2024,1.3478
01/24/2024,1.3484
01/25/2024,1.3496
01/26/2024,1.3449
01/29/2024,1.3442
01/30/2024,1.3417
01/31/2024,1.3397
02/01/2024,1.3404
02/02/2024,1.3454
02/05/2024,1.3527
02/06/2024,1.3506
02/07/2024,1.3469
02/08/2024,1.3467
02/09/2024,1.3458
02/12/2024,1.345
02/13/2024,1.3556
02/14/2024,1.355
02/15/2024,1.3493
02/16/2024,1.3484
02/20/2024,1.3518
02/21/2024,1.3512
02/22/2024,1.3494
02/23/2024,1.3494
02/26/2024,1.3515
02/27/2024,1.3521
02/28/2024,1.3574
02/29/2024,1.357
03/01/2024,1.3564
03/04/2024,1.3572
03/05/2024,1.3582
03/06/2024,1.3528
03/07/2024,1.3474
03/08/2024,1.3471
03/11/2024,1.3491
03/12/2024,1.3499
03/13/2024,1.3472
03/14/2024,1.3512
03/15/2024,1.3533
03/18/2024,1.3541
03/19/2024,1.3581
03/20/2024,1.3559
03/21/2024,1.3525
03/22/2024,1.3593
03/25/2024,1.3583
03/26/2024,1.3572
03/27/2024,1.3587
03/28/2024,1.355
04/01/2024,1.3574
04/02/2024,1.3572
04/03/2024,1.3537
04/04/2024,1.3504
04/05/2024,1.3598
04/08/2024,1.3582
04/09/2024,1.3578
04/10/2024,1.3671
04/11/2024,1.3692
04/12/2024,1.3766
04/15/2024,1.3764
04/16/2024,1.3821
04/17/2024,1.3794
04/18/2024,1.3764
04/19/2024,1.3748
04/22/2024,1.3715
04/23/2024,1.3673
04/24/2024,1.3709
04/25/2024,1.3689
04/26/2024,1.3668
04/29/2024,1.3658
04/30/2024,1.3746
05/01/2024,1.3759
05/02/2024,1.3698
05/03/2024,1.3672
05/06/2024,1.3661
05/07/2024,1.3705
05/08/2024,1.3734
05/09/2024,1.3692
05/10/2024,1.3665
05/13/2024,1.3672
05/14/2024,1.3653
05/15/2024,1.3615
05/16/2024,1.362
05/17/2024,1.3615
05/21/2024,1.3649
05/22/2024,1.3674
05/23/2024,1.3702
05/24/2024,1.3673
05/27/2024,1.3636
05/28/2024,1.3638
05/29/2024,1.37
05/30/2024,1.3678
05/31/2024,1.3637
06/03/2024,1.3635
06/04/2024,1.3681
06/05/2024,1.3696
06/06/2024,1.3686
06/07/2024,1.374
06/10/2024,1.3765
06/11/2024,1.3767
06/12/2024,1.37
06/13/2024,1.3746
06/14/2024,1.3751
06/17/2024,1.3743
06/18/2024,1.3723
06/19/2024,1.3709
06/20/2024,1.3698
06/21/2024,1.3702
06/24/2024,1.3663
06/25/2024,1.3659
06/26/2024,1.3696
06/27/2024,1.369
06/28/2024,1.3687
07/02/2024,1.3697
07/03/2024,1.3637
07/04/2024,1.3613
07/05/2024,1.3633
07/08/2024,1.3634
07/09/2024,1.3638
07/10/2024,1.362
07/11/2024,1.3624
07/12/2024,1.3628
07/15/2024,1.3664
07/16/2024,1.3686
07/17/2024,1.3685
07/18/2024,1.3696
07/19/2024,1.3727
07/22/2024,1.3755
07/23/2024,1.3768
07/24/2024,1.3794
07/25/2024,1.3819
07/26/2024,1.383
07/29/2024,1.3852
07/30/2024,1.3851
07/31/2024,1.3809
08/01/2024,1.3846
08/02/2024,1.3858
08/06/2024,1.3794
08/07/2024,1.3739
08/08/2024,1.3743
08/09/2024,1.3732
08/12/2024,1.3738
08/13/2024,1.3723
08/14/2024,1.3711
08/15/2024,1.3715
08/16/2024,1.3707
08/19/2024,1.3651
08/20/2024,1.3627
08/21/2024,1.3592
08/22/2024,1.3602
08/23/2024,1.3529
08/26/2024,1.3481
08/27/2024,1.346
08/28/2024,1.3471
08/29/2024,1.3474
08/30/2024,1.3491
09/03/2024,1.3548
09/04/2024,1.3525
09/05/2024,1.3514
09/06/2024,1.3545
09/09/2024,1.3561
09/10/2024,1.3599
09/11/2024,1.3589
09/12/2024,1.3591
09/13/2024,1.3586
09/16/2024,1.3593
09/17/2024,1.3596
09/18/2024,1.359
09/19/2024,1.3563
09/20/2024,1.3565
09/23/2024,1.351
09/24/2024,1.3468
09/25/2024,1.3462
09/26/2024,1.3474
09/27/2024,1.3499
10/01/2024,1.3504
10/02/2024,1.3491
10/03/2024,1.354
10/04/2024,1.3577
10/07/2024,1.3609
10/08/2024,1.3657
10/09/2024,1.369
10/10/2024,1.3754
10/11/2024,1.3761
10/15/2024,1.3805
10/16/2024,1.3771
10/17/2024,1.3789
10/18/2024,1.3802
10/21/2024,1.3835
10/22/2024,1.3825
10/23/2024,1.3843
10/24/2024,1.3845
10/25/2024,1.3872
10/28/2024,1.3895
10/29/2024,1.3911
10/30/2024,1.3915
10/31/2024,1.3916
11/01/2024,1.3932
11/04/2024,1.3894
11/05/2024,1.3854
11/06/2024,1.3935
11/07/2024,1.3866
11/08/2024,1.3913
11/12/2024,1.3944
11/13/2024,1.398
11/14/2024,1.4027
11/15/2024,1.4079
11/18/2024,1.4042
11/19/2024,1.3981
11/20/2024,1.3993
11/21/2024,1.396
11/22/2024,1.3979
11/25/2024,1.398
11/26/2024,1.4082
11/27/2024,1.4036
11/28/2024,1.401
11/29/2024,1.401
12/02/2024,1.4056
12/03/2024,1.4056
12/04/2024,1.4066
12/05/2024,1.4038
12/06/2024,1.4136
12/09/2024,1.413
12/10/2024,1.4167
12/11/2024,1.4154
12/12/2024,1.4188
12/13/2024,1.4231
12/16/2024,1.4239
12/17/2024,1.4305
12/18/2024,1.4343
12/19/2024,1.437
12/20/2024,1.4365
12/23/2024,1.4395
12/24/2024,1.4386
12/27/2024,1.4416
12/30/2024,1.4379
12/31/2024,1.4389
01/02/2025,1.4418
01/03/2025,1.4442
01/06/2025,1.4348
01/07/2025,1.434
01/08/2025,1.439
01/09/2025,1.4395
01/10/2025,1.4422
01/13/2025,1.4411
01/14/2025,1.4371
01/15/2025,1.4334
01/16/2025,1.4388
01/17/2025,1.4435
01/20/2025,1.433
01/21/2025,1.4366
01/22/2025,1.4369
01/23/2025,1.4371
01/24/2025,1.4336
01/27/2025,1.4381
01/28/2025,1.4394
01/29/2025,1.4435
01/30/2025,1.4414
01/31/2025,1.4484
02/03/2025,1.4603
02/04/2025,1.4345
02/05/2025,1.4295
02/06/2025,1.4322
02/07/2025,1.4298
02/10/2025,1.4323
02/11/2025,1.4307
02/12/2025,1.4298
02/13/2025,1.4242
02/14/2025,1.4166
02/18/2025,1.4193
02/19/2025,1.4223
02/20/2025,1.4188
02/21/2025,1.4207
02/24/2025,1.4225
02/25/2025,1.4287
02/26/2025,1.4339
02/27/2025,1.4422
02/28/2025,1.4438
03/03/2025,1.4428
03/04/2025,1.4489
03/05/2025,1.437
03/06/2025,1.4309
03/07/2025,1.4371
03/10/2025,1.4431
03/11/2025,1.4451
03/12/2025,1.4391
03/13/2025,1.4409
03/14/2025,1.4388
03/17/2025,1.4304
03/18/2025,1.4301
03/19/2025,1.4326
03/20/2025,1.4347
03/21/2025,1.4348
03/24/2025,1.4318
03/25/2025,1.4296
03/26/2025,1.4268
03/27/2025,1.4309
03/28/2025,1.4307
03/31/2025,1.4376
04/01/2025,1.4348
04/02/2025,1.432
04/03/2025,1.4069
04/04/2025,1.4216
04/07/2025,1.4226
04/08/2025,1.4196
04/09/2025,1.415
04/10/2025,1.4015
04/11/2025,1.389
04/14/2025,1.3881
04/15/2025,1.3934
04/16/2025,1.389
04/17/2025,1.3857
04/21/2025,1.382
04/22/2025,1.3827
04/23/2025,1.3871
04/24/2025,1.3872
04/25/2025,1.3863
04/28/2025,1.385
04/29/2025,1.3847
04/30/2025,1.3812
05/01/2025,1.3836
05/02/2025,1.38
05/05/2025,1.3813
05/06/2025,1.3783
05/07/2025,1.3796
05/08/2025,1.3907
05/09/2025,1.3927
05/12/2025,1.3998
05/13/2025,1.3969
05/14/2025,1.3964
05/15/2025,1.3985
05/16/2025,1.3979
05/20/2025,1.3935
05/21/2025,1.3848
05/22/2025,1.387
05/23/2025,1.3756
05/26/2025,1.3731
05/27/2025,1.3775
05/28/2025,1.3826
05/29/2025,1.3806
