icio_code,icio_industry,isic_rev4,sector_id
A01,Agriculture and hunting,01,AGR
A02,Forestry and logging,02,AGR
A03,Fishing and aquaculture,03,AGR
B05,Mining of coal and lignite,05,MIE
B06,Extraction of crude petroleum and natural gas,06,MIE
B07,Mining of metal ores,07,MIN
B08,Other mining and quarrying,08,MIN
B09,Mining support service activities,09,MIS
C10T12,Manufacture of food products; beverages and tobacco products,10-12,FOD
C13T15,"Manufacture of textiles, wearing apparel, leather and related products",13-15,TEX
C16,Manufacture of wood and of products of wood and cork,16,WOD
C17_18,Manufacture of paper and paper products; printing and reproduction of recorded media,17-18,PAP
C19,Manufacture of coke and refined petroleum products,19,PET
C20,Manufacture of chemicals and chemical products,20,CHM
C21,Manufacture of basic pharmaceutical products and pharmaceutical preparations,21,CHM
C22,Manufacture of rubber and plastic products,22,RUB
C23,Manufacture of other non-metallic mineral products,23,NMM
C24A,Manufacture of basic iron and steel,"241, 2431",BMT
C24B,Manufacture of basic precious and other non-ferrous metals,"242, 2432",BMT
C25,Manufacture of fabricated metal products,25,FMT
C26,"Manufacture of computer, electronic and optical products",26,ELC
C27,Manufacture of electrical equipment,27,ELQ
C28,Manufacture of machinery and equipment n.e.c.,28,MAC
C29,"Manufacture of motor vehicles, trailers and semi-trailers",29,MTV
C301,Building of ships and boats,301,OTE
C302T309,Manufacture of other transport equipment,302-309,OTE
C31T33,Manufacture of furniture; other manufacturing; repair and installation of machinery and equipment,31-33,MFN
D,"Electricity, gas, steam and air conditioning supply",35,UTL
E,"Water supply; sewerage, waste management and remediation activities",36-39,UTL
F,Construction,41-43,CON
G,Wholesale and retail trade; repair of motor vehicles and motorcycles,45-47,TRD
H49,Land transport and transport via pipelines,49,TRN
H50,Water transport,50,TRN
H51,Air transport,51,TRN
H52,Warehousing and support activities for transportation,52,TRN
H53,Postal and courier activities,53,TRN
I,Accommodation and food service activities,55-56,ACC
J58T60,"Publishing, motion picture, video, television programme production and broadcasting activities",58-60,PUB
J61,Telecommunications,61,TEL
J62_63,Computer programming and information service activities,62-63,ITS
K,Financial and insurance activities,64-66,FIN
L,Real estate activities,68,REA
M,"Professional, scientific and technical activities",69-75,PRF
N,Administrative and support service activities,77-82,ADM
O,Public administration and defence; compulsory social security,84,PAD
P,Education,85,EDU
Q,Human health and social work activities,86-88,HTH
R,"Arts, entertainment and recreation activities",90-93,ART
S,Other service activities,94-96,OSV
T,Activities of households as employers,97-98,OSV
