origin,dest,d_norm
NL,NL,1
NL,PE,7.286533707121122
NL,NS,4.392056397067231
NL,NB,5.4112284266955655
NL,QC,7.217127185613826
NL,ON,9.550231154353945
NL,MB,18.267204245008603
NL,SK,17.447223834652167
NL,AB,19.817866085214487
NL,BC,21.53220321410836
PE,NL,7.286533707121122
PE,PE,1
PE,NS,1.9489135220664358
PE,NB,3.0982999927855532
PE,QC,9.17475179839688
PE,ON,15.220597607113563
PE,MB,36.352877278494184
PE,SK,35.98354730934961
PE,AB,41.99390664698073
PE,BC,46.26227487998128
NS,NL,4.392056397067231
NS,PE,1.9489135220664358
NS,NS,1
NS,NB,2.0476548332404994
NS,QC,5.175017253606494
NS,ON,8.33380405402364
NS,MB,20.358298598081834
NS,SK,20.132338505741906
NS,AB,23.466997725888532
NS,BC,25.752785562214964
NB,NL,5.4112284266955655
NB,PE,3.0982999927855532
NB,NS,2.0476548332404994
NB,NB,1
NB,QC,3.772477398845169
NB,ON,7.380662649889323
NB,MB,19.383244404438088
NB,SK,19.46924251598405
NB,AB,22.96984548152948
NB,BC,25.482358896783854
QC,NL,7.217127185613826
QC,PE,9.17475179839688
QC,NS,5.175017253606494
QC,NB,3.772477398845169
QC,QC,1
QC,ON,3.3905549674847903
QC,MB,13.147616377297565
QC,SK,13.846943340866568
QC,AB,16.890126564404305
QC,BC,19.124768295622466
ON,NL,9.550231154353945
ON,PE,15.220597607113563
ON,NS,8.33380405402364
ON,NB,7.380662649889323
ON,QC,3.3905549674847903
ON,ON,1
ON,MB,9.57275476892194
ON,SK,10.705055230371116
ON,AB,13.569033029874907
ON,BC,15.567477932045493
MB,NL,18.267204245008603
MB,PE,36.352877278494184
MB,NS,20.358298598081834
MB,NB,19.383244404438088
MB,QC,13.147616377297565
MB,ON,9.57275476892194
MB,MB,1
MB,SK,3.319114112309164
MB,AB,6.809992542658274
MB,BC,9.92243838009886
SK,NL,17.447223834652167
SK,PE,35.98354730934961
SK,NS,20.132338505741906
SK,NB,19.46924251598405
SK,QC,13.846943340866568
SK,ON,10.705055230371116
SK,MB,3.319114112309164
SK,SK,1
SK,AB,2.911604510759606
SK,BC,5.729763916334093
AB,NL,19.817866085214487
AB,PE,41.99390664698073
AB,NS,23.466997725888532
AB,NB,22.96984548152948
AB,QC,16.890126564404305
AB,ON,13.569033029874907
AB,MB,6.809992542658274
AB,SK,2.911604510759606
AB,AB,1
AB,BC,3.1892375866287064
BC,NL,21.53220321410836
BC,PE,46.26227487998128
BC,NS,25.752785562214964
BC,NB,25.482358896783854
BC,QC,19.124768295622466
BC,ON,15.567477932045493
BC,MB,9.92243838009886
BC,SK,5.729763916334093
BC,AB,3.1892375866287064
BC,BC,1
