origin,dest,lon_o,lat_o,lon_d,lat_d,distance,d_nn_o,d_nn_d
AB,AB,-113.76747270358125,52.38412210291498,-113.76747270358125,52.38412210291498,172.87166489309965,172.87166489309965,172.87166489309965
AB,BC,-113.76747270358125,52.38412210291498,-122.52125956623125,49.61542965531739,685.7294361975453,172.87166489309965,137.2250604138208
AB,MB,-113.76747270358125,52.38412210291498,-97.61237491341599,50.181557035434864,1148.649442167595,172.87166489309965,101.16758582766326
AB,NB,-113.76747270358125,52.38412210291498,-65.88899110920823,46.27191819289721,3472.928787907109,172.87166489309965,110.58288257314003
AB,NL,-113.76747270358125,52.38412210291498,-54.710398251219274,48.37953248065615,4097.864646771864,172.87166489309965,199.7445317454658
AB,NS,-113.76747270358125,52.38412210291498,-63.364354100079126,44.99917681119021,3713.9965767692847,172.87166489309965,99.55553596846035
AB,ON,-113.76747270358125,52.38412210291498,-79.5843766512985,44.00934090740043,2672.3909570434066,172.87166489309965,136.93772106979102
AB,PE,-113.76747270358125,52.38412210291498,-63.29457869026314,46.33863418808276,3643.36125437823,172.87166489309965,32.64880016326448
AB,QC,-113.76747270358125,52.38412210291498,-72.98991150667968,46.09316905177154,3002.5227223339325,172.87166489309965,136.01900681687877
AB,SK,-113.76747270358125,52.38412210291498,-105.71688714273402,51.656462851830234,557.1139501406195,172.87166489309965,171.51522912795156
AB,YT,-113.76747270358125,52.38412210291498,NA,NA,NA,172.87166489309965,NA
AB,NT,-113.76747270358125,52.38412210291498,-118.20269759773556,63.239276971999026,1235.9525312514952,172.87166489309965,352.81366556013114
AB,NU,-113.76747270358125,52.38412210291498,-83.73487939028163,65.79775782934506,2236.9364301084966,172.87166489309965,676.0234570073018
BC,AB,-122.52125956623125,49.61542965531739,-113.76747270358125,52.38412210291498,685.7294361975453,137.2250604138208,172.87166489309965
BC,BC,-122.52125956623125,49.61542965531739,-122.52125956623125,49.61542965531739,137.2250604138208,137.2250604138208,137.2250604138208
BC,MB,-122.52125956623125,49.61542965531739,-97.61237491341599,50.181557035434864,1778.9062430049394,137.2250604138208,101.16758582766326
BC,NB,-122.52125956623125,49.61542965531739,-65.88899110920823,46.27191819289721,4138.610841763871,137.2250604138208,110.58288257314003
BC,NL,-122.52125956623125,49.61542965531739,-54.710398251219274,48.37953248065615,4781.145524864517,137.2250604138208,199.7445317454658
BC,NS,-122.52125956623125,49.61542965531739,-63.364354100079126,44.99917681119021,4378.344090445408,137.2250604138208,99.55553596846035
BC,ON,-122.52125956623125,49.61542965531739,-79.5843766512985,44.00934090740043,3283.6307806005593,137.2250604138208,136.93772106979102
BC,PE,-122.52125956623125,49.61542965531739,-63.29457869026314,46.33863418808276,4313.323497285886,137.2250604138208,32.64880016326448
BC,QC,-122.52125956623125,49.61542965531739,-72.98991150667968,46.09316905177154,3653.0793710852213,137.2250604138208,136.01900681687877
BC,SK,-122.52125956623125,49.61542965531739,-105.71688714273402,51.656462851830234,1205.173587996889,137.2250604138208,171.51522912795156
BC,YT,-122.52125956623125,49.61542965531739,NA,NA,NA,137.2250604138208,NA
BC,NT,-122.52125956623125,49.61542965531739,-118.20269759773556,63.239276971999026,1538.867941979734,137.2250604138208,352.81366556013114
BC,NU,-122.52125956623125,49.61542965531739,-83.73487939028163,65.79775782934506,2850.1503195549008,137.2250604138208,676.0234570073018
MB,AB,-97.61237491341599,50.181557035434864,-113.76747270358125,52.38412210291498,1148.649442167595,101.16758582766326,172.87166489309965
MB,BC,-97.61237491341599,50.181557035434864,-122.52125956623125,49.61542965531739,1778.9062430049394,101.16758582766326,137.2250604138208
MB,MB,-97.61237491341599,50.181557035434864,-97.61237491341599,50.181557035434864,101.16758582766326,101.16758582766326,101.16758582766326
MB,NB,-97.61237491341599,50.181557035434864,-65.88899110920823,46.27191819289721,2373.738730503648,101.16758582766326,110.58288257314003
MB,NL,-97.61237491341599,50.181557035434864,-54.710398251219274,48.37953248065615,3078.788525461874,101.16758582766326,199.7445317454658
MB,NS,-97.61237491341599,50.181557035434864,-63.364354100079126,44.99917681119021,2610.571784120966,101.16758582766326,99.55553596846035
MB,ON,-97.61237491341599,50.181557035434864,-79.5843766512985,44.00934090740043,1523.9184959154709,101.16758582766326,136.93772106979102
MB,PE,-97.61237491341599,50.181557035434864,-63.29457869026314,46.33863418808276,2555.6511853945117,101.16758582766326,32.64880016326448
MB,QC,-97.61237491341599,50.181557035434864,-72.98991150667968,46.09316905177154,1875.5257404458928,101.16758582766326,136.01900681687877
MB,SK,-97.61237491341599,50.181557035434864,-105.71688714273402,51.656462851830234,591.6227649482778,101.16758582766326,171.51522912795156
MB,YT,-97.61237491341599,50.181557035434864,NA,NA,NA,101.16758582766326,NA
MB,NT,-97.61237491341599,50.181557035434864,-118.20269759773556,63.239276971999026,1905.057868767842,101.16758582766326,352.81366556013114
MB,NU,-97.61237491341599,50.181557035434864,-83.73487939028163,65.79775782934506,1911.5572423035283,101.16758582766326,676.0234570073018
NB,AB,-65.88899110920823,46.27191819289721,-113.76747270358125,52.38412210291498,3472.928787907109,110.58288257314003,172.87166489309965
NB,BC,-65.88899110920823,46.27191819289721,-122.52125956623125,49.61542965531739,4138.610841763871,110.58288257314003,137.2250604138208
NB,MB,-65.88899110920823,46.27191819289721,-97.61237491341599,50.181557035434864,2373.738730503648,110.58288257314003,101.16758582766326
NB,NB,-65.88899110920823,46.27191819289721,-65.88899110920823,46.27191819289721,110.58288257314003,110.58288257314003,110.58288257314003
NB,NL,-65.88899110920823,46.27191819289721,-54.710398251219274,48.37953248065615,874.6046967487684,110.58288257314003,199.7445317454658
NB,NS,-65.88899110920823,46.27191819289721,-63.364354100079126,44.99917681119021,242.2390927565632,110.58288257314003,99.55553596846035
NB,ON,-65.88899110920823,46.27191819289721,-79.5843766512985,44.00934090740043,1102.9518148087623,110.58288257314003,136.93772106979102
NB,PE,-65.88899110920823,46.27191819289721,-63.29457869026314,46.33863418808276,199.6428292201344,110.58288257314003,32.64880016326448
NB,QC,-65.88899110920823,46.27191819289721,-72.98991150667968,46.09316905177154,547.4711060286176,110.58288257314003,136.01900681687877
NB,SK,-65.88899110920823,46.27191819289721,-105.71688714273402,51.656462851830234,2933.4392047399583,110.58288257314003,171.51522912795156
NB,YT,-65.88899110920823,46.27191819289721,NA,NA,NA,110.58288257314003,NA
NB,NT,-65.88899110920823,46.27191819289721,-118.20269759773556,63.239276971999026,3710.462963188823,110.58288257314003,352.81366556013114
NB,NU,-65.88899110920823,46.27191819289721,-83.73487939028163,65.79775782934506,2420.401317921567,110.58288257314003,676.0234570073018
NL,AB,-54.710398251219274,48.37953248065615,-113.76747270358125,52.38412210291498,4097.864646771864,199.7445317454658,172.87166489309965
NL,BC,-54.710398251219274,48.37953248065615,-122.52125956623125,49.61542965531739,4781.145524864517,199.7445317454658,137.2250604138208
NL,MB,-54.710398251219274,48.37953248065615,-97.61237491341599,50.181557035434864,3078.788525461874,199.7445317454658,101.16758582766326
NL,NB,-54.710398251219274,48.37953248065615,-65.88899110920823,46.27191819289721,874.6046967487684,199.7445317454658,110.58288257314003
NL,NL,-54.710398251219274,48.37953248065615,-54.710398251219274,48.37953248065615,199.7445317454658,199.7445317454658,199.7445317454658
NL,NS,-54.710398251219274,48.37953248065615,-63.364354100079126,44.99917681119021,759.7928023108226,199.7445317454658,99.55553596846035
NL,ON,-54.710398251219274,48.37953248065615,-79.5843766512985,44.00934090740043,1967.903861770037,199.7445317454658,136.93772106979102
NL,PE,-54.710398251219274,48.37953248065615,-63.29457869026314,46.33863418808276,685.5715800637346,199.7445317454658,32.64880016326448
NL,QC,-54.710398251219274,48.37953248065615,-72.98991150667968,46.09316905177154,1401.346834529576,199.7445317454658,136.01900681687877
NL,SK,-54.710398251219274,48.37953248065615,-105.71688714273402,51.656462851830234,3591.694977564563,199.7445317454658,171.51522912795156
NL,YT,-54.710398251219274,48.37953248065615,NA,NA,NA,199.7445317454658,NA
NL,NT,-54.710398251219274,48.37953248065615,-118.20269759773556,63.239276971999026,4094.0101882148197,199.7445317454658,352.81366556013114
NL,NU,-54.710398251219274,48.37953248065615,-83.73487939028163,65.79775782934506,2569.4115378407896,199.7445317454658,676.0234570073018
NS,AB,-63.364354100079126,44.99917681119021,-113.76747270358125,52.38412210291498,3713.9965767692847,99.55553596846035,172.87166489309965
NS,BC,-63.364354100079126,44.99917681119021,-122.52125956623125,49.61542965531739,4378.344090445408,99.55553596846035,137.2250604138208
NS,MB,-63.364354100079126,44.99917681119021,-97.61237491341599,50.181557035434864,2610.571784120966,99.55553596846035,101.16758582766326
NS,NB,-63.364354100079126,44.99917681119021,-65.88899110920823,46.27191819289721,242.2390927565632,99.55553596846035,110.58288257314003
NS,NL,-63.364354100079126,44.99917681119021,-54.710398251219274,48.37953248065615,759.7928023108226,99.55553596846035,199.7445317454658
NS,NS,-63.364354100079126,44.99917681119021,-63.364354100079126,44.99917681119021,99.55553596846035,99.55553596846035,99.55553596846035
NS,ON,-63.364354100079126,44.99917681119021,-79.5843766512985,44.00934090740043,1290.284867214175,99.55553596846035,136.93772106979102
NS,PE,-63.364354100079126,44.99917681119021,-63.29457869026314,46.33863418808276,149.20645506126678,99.55553596846035,32.64880016326448
NS,QC,-63.364354100079126,44.99917681119021,-72.98991150667968,46.09316905177154,759.7435835807207,99.55553596846035,136.01900681687877
NS,SK,-63.364354100079126,44.99917681119021,-105.71688714273402,51.656462851830234,3173.2557193173734,99.55553596846035,171.51522912795156
NS,YT,-63.364354100079126,44.99917681119021,NA,NA,NA,99.55553596846035,NA
NS,NT,-63.364354100079126,44.99917681119021,-118.20269759773556,63.239276971999026,3945.2067381968445,99.55553596846035,352.81366556013114
NS,NU,-63.364354100079126,44.99917681119021,-83.73487939028163,65.79775782934506,2621.6790602911174,99.55553596846035,676.0234570073018
ON,AB,-79.5843766512985,44.00934090740043,-113.76747270358125,52.38412210291498,2672.3909570434066,136.93772106979102,172.87166489309965
ON,BC,-79.5843766512985,44.00934090740043,-122.52125956623125,49.61542965531739,3283.6307806005593,136.93772106979102,137.2250604138208
ON,MB,-79.5843766512985,44.00934090740043,-97.61237491341599,50.181557035434864,1523.9184959154709,136.93772106979102,101.16758582766326
ON,NB,-79.5843766512985,44.00934090740043,-65.88899110920823,46.27191819289721,1102.9518148087623,136.93772106979102,110.58288257314003
ON,NL,-79.5843766512985,44.00934090740043,-54.710398251219274,48.37953248065615,1967.903861770037,136.93772106979102,199.7445317454658
ON,NS,-79.5843766512985,44.00934090740043,-63.364354100079126,44.99917681119021,1290.284867214175,136.93772106979102,99.55553596846035
ON,ON,-79.5843766512985,44.00934090740043,-79.5843766512985,44.00934090740043,136.93772106979102,136.93772106979102,136.93772106979102
ON,PE,-79.5843766512985,44.00934090740043,-63.29457869026314,46.33863418808276,1301.901612101517,136.93772106979102,32.64880016326448
ON,QC,-79.5843766512985,44.00934090740043,-72.98991150667968,46.09316905177154,567.89658580813,136.93772106979102,136.01900681687877
ON,SK,-79.5843766512985,44.00934090740043,-105.71688714273402,51.656462851830234,2115.5148859045726,136.93772106979102,171.51522912795156
ON,YT,-79.5843766512985,44.00934090740043,NA,NA,NA,136.93772106979102,NA
ON,NT,-79.5843766512985,44.00934090740043,-118.20269759773556,63.239276971999026,3244.449014325581,136.93772106979102,352.81366556013114
ON,NU,-79.5843766512985,44.00934090740043,-83.73487939028163,65.79775782934506,2438.7287819955695,136.93772106979102,676.0234570073018
PE,AB,-63.29457869026314,46.33863418808276,-113.76747270358125,52.38412210291498,3643.36125437823,32.64880016326448,172.87166489309965
PE,BC,-63.29457869026314,46.33863418808276,-122.52125956623125,49.61542965531739,4313.323497285886,32.64880016326448,137.2250604138208
PE,MB,-63.29457869026314,46.33863418808276,-97.61237491341599,50.181557035434864,2555.6511853945117,32.64880016326448,101.16758582766326
PE,NB,-63.29457869026314,46.33863418808276,-65.88899110920823,46.27191819289721,199.6428292201344,32.64880016326448,110.58288257314003
PE,NL,-63.29457869026314,46.33863418808276,-54.710398251219274,48.37953248065615,685.5715800637346,32.64880016326448,199.7445317454658
PE,NS,-63.29457869026314,46.33863418808276,-63.364354100079126,44.99917681119021,149.20645506126678,32.64880016326448,99.55553596846035
PE,ON,-63.29457869026314,46.33863418808276,-79.5843766512985,44.00934090740043,1301.901612101517,32.64880016326448,136.93772106979102
PE,PE,-63.29457869026314,46.33863418808276,-63.29457869026314,46.33863418808276,32.64880016326448,32.64880016326448,32.64880016326448
PE,QC,-63.29457869026314,46.33863418808276,-72.98991150667968,46.09316905177154,746.8323892558745,32.64880016326448,136.01900681687877
PE,SK,-63.29457869026314,46.33863418808276,-105.71688714273402,51.656462851830234,3108.576390235825,32.64880016326448,171.51522912795156
PE,YT,-63.29457869026314,46.33863418808276,NA,NA,NA,32.64880016326448,NA
PE,NT,-63.29457869026314,46.33863418808276,-118.20269759773556,63.239276971999026,3834.507238092364,32.64880016326448,352.81366556013114
PE,NU,-63.29457869026314,46.33863418808276,-83.73487939028163,65.79775782934506,2484.962673107988,32.64880016326448,676.0234570073018
QC,AB,-72.98991150667968,46.09316905177154,-113.76747270358125,52.38412210291498,3002.5227223339325,136.01900681687877,172.87166489309965
QC,BC,-72.98991150667968,46.09316905177154,-122.52125956623125,49.61542965531739,3653.0793710852213,136.01900681687877,137.2250604138208
QC,MB,-72.98991150667968,46.09316905177154,-97.61237491341599,50.181557035434864,1875.5257404458928,136.01900681687877,101.16758582766326
QC,NB,-72.98991150667968,46.09316905177154,-65.88899110920823,46.27191819289721,547.4711060286176,136.01900681687877,110.58288257314003
QC,NL,-72.98991150667968,46.09316905177154,-54.710398251219274,48.37953248065615,1401.346834529576,136.01900681687877,199.7445317454658
QC,NS,-72.98991150667968,46.09316905177154,-63.364354100079126,44.99917681119021,759.7435835807207,136.01900681687877,99.55553596846035
QC,ON,-72.98991150667968,46.09316905177154,-79.5843766512985,44.00934090740043,567.89658580813,136.01900681687877,136.93772106979102
QC,PE,-72.98991150667968,46.09316905177154,-63.29457869026314,46.33863418808276,746.8323892558745,136.01900681687877,32.64880016326448
QC,QC,-72.98991150667968,46.09316905177154,-72.98991150667968,46.09316905177154,136.01900681687877,136.01900681687877,136.01900681687877
QC,SK,-72.98991150667968,46.09316905177154,-105.71688714273402,51.656462851830234,2452.2490078727315,136.01900681687877,171.51522912795156
QC,YT,-72.98991150667968,46.09316905177154,NA,NA,NA,136.01900681687877,NA
QC,NT,-72.98991150667968,46.09316905177154,-118.20269759773556,63.239276971999026,3374.4715289696805,136.01900681687877,352.81366556013114
QC,NU,-72.98991150667968,46.09316905177154,-83.73487939028163,65.79775782934506,2285.9322913048204,136.01900681687877,676.0234570073018
SK,AB,-105.71688714273402,51.656462851830234,-113.76747270358125,52.38412210291498,557.1139501406195,171.51522912795156,172.87166489309965
SK,BC,-105.71688714273402,51.656462851830234,-122.52125956623125,49.61542965531739,1205.173587996889,171.51522912795156,137.2250604138208
SK,MB,-105.71688714273402,51.656462851830234,-97.61237491341599,50.181557035434864,591.6227649482778,171.51522912795156,101.16758582766326
SK,NB,-105.71688714273402,51.656462851830234,-65.88899110920823,46.27191819289721,2933.4392047399583,171.51522912795156,110.58288257314003
SK,NL,-105.71688714273402,51.656462851830234,-54.710398251219274,48.37953248065615,3591.694977564563,171.51522912795156,199.7445317454658
SK,NS,-105.71688714273402,51.656462851830234,-63.364354100079126,44.99917681119021,3173.2557193173734,171.51522912795156,99.55553596846035
SK,ON,-105.71688714273402,51.656462851830234,-79.5843766512985,44.00934090740043,2115.5148859045726,171.51522912795156,136.93772106979102
SK,PE,-105.71688714273402,51.656462851830234,-63.29457869026314,46.33863418808276,3108.576390235825,171.51522912795156,32.64880016326448
SK,QC,-105.71688714273402,51.656462851830234,-72.98991150667968,46.09316905177154,2452.2490078727315,171.51522912795156,136.01900681687877
SK,SK,-105.71688714273402,51.656462851830234,-105.71688714273402,51.656462851830234,171.51522912795156,171.51522912795156,171.51522912795156
SK,YT,-105.71688714273402,51.656462851830234,NA,NA,NA,171.51522912795156,NA
SK,NT,-105.71688714273402,51.656462851830234,-118.20269759773556,63.239276971999026,1484.6942566586724,171.51522912795156,352.81366556013114
SK,NU,-105.71688714273402,51.656462851830234,-83.73487939028163,65.79775782934506,2000.644826759353,171.51522912795156,676.0234570073018
YT,AB,NA,NA,-113.76747270358125,52.38412210291498,NA,NA,172.87166489309965
YT,BC,NA,NA,-122.52125956623125,49.61542965531739,NA,NA,137.2250604138208
YT,MB,NA,NA,-97.61237491341599,50.181557035434864,NA,NA,101.16758582766326
YT,NB,NA,NA,-65.88899110920823,46.27191819289721,NA,NA,110.58288257314003
YT,NL,NA,NA,-54.710398251219274,48.37953248065615,NA,NA,199.7445317454658
YT,NS,NA,NA,-63.364354100079126,44.99917681119021,NA,NA,99.55553596846035
YT,ON,NA,NA,-79.5843766512985,44.00934090740043,NA,NA,136.93772106979102
YT,PE,NA,NA,-63.29457869026314,46.33863418808276,NA,NA,32.64880016326448
YT,QC,NA,NA,-72.98991150667968,46.09316905177154,NA,NA,136.01900681687877
YT,SK,NA,NA,-105.71688714273402,51.656462851830234,NA,NA,171.51522912795156
YT,YT,NA,NA,NA,NA,NA,NA,NA
YT,NT,NA,NA,-118.20269759773556,63.239276971999026,NA,NA,352.81366556013114
YT,NU,NA,NA,-83.73487939028163,65.79775782934506,NA,NA,676.0234570073018
NT,AB,-118.20269759773556,63.239276971999026,-113.76747270358125,52.38412210291498,1235.9525312514952,352.81366556013114,172.87166489309965
NT,BC,-118.20269759773556,63.239276971999026,-122.52125956623125,49.61542965531739,1538.867941979734,352.81366556013114,137.2250604138208
NT,MB,-118.20269759773556,63.239276971999026,-97.61237491341599,50.181557035434864,1905.057868767842,352.81366556013114,101.16758582766326
NT,NB,-118.20269759773556,63.239276971999026,-65.88899110920823,46.27191819289721,3710.462963188823,352.81366556013114,110.58288257314003
NT,NL,-118.20269759773556,63.239276971999026,-54.710398251219274,48.37953248065615,4094.0101882148197,352.81366556013114,199.7445317454658
NT,NS,-118.20269759773556,63.239276971999026,-63.364354100079126,44.99917681119021,3945.2067381968445,352.81366556013114,99.55553596846035
NT,ON,-118.20269759773556,63.239276971999026,-79.5843766512985,44.00934090740043,3244.449014325581,352.81366556013114,136.93772106979102
NT,PE,-118.20269759773556,63.239276971999026,-63.29457869026314,46.33863418808276,3834.507238092364,352.81366556013114,32.64880016326448
NT,QC,-118.20269759773556,63.239276971999026,-72.98991150667968,46.09316905177154,3374.4715289696805,352.81366556013114,136.01900681687877
NT,SK,-118.20269759773556,63.239276971999026,-105.71688714273402,51.656462851830234,1484.6942566586724,352.81366556013114,171.51522912795156
NT,YT,-118.20269759773556,63.239276971999026,NA,NA,NA,352.81366556013114,NA
NT,NT,-118.20269759773556,63.239276971999026,-118.20269759773556,63.239276971999026,352.81366556013114,352.81366556013114,352.81366556013114
NT,NU,-118.20269759773556,63.239276971999026,-83.73487939028163,65.79775782934506,1653.1646132150297,352.81366556013114,676.0234570073018
NU,AB,-83.73487939028163,65.79775782934506,-113.76747270358125,52.38412210291498,2236.9364301084966,676.0234570073018,172.87166489309965
NU,BC,-83.73487939028163,65.79775782934506,-122.52125956623125,49.61542965531739,2850.1503195549008,676.0234570073018,137.2250604138208
NU,MB,-83.73487939028163,65.79775782934506,-97.61237491341599,50.181557035434864,1911.5572423035283,676.0234570073018,101.16758582766326
NU,NB,-83.73487939028163,65.79775782934506,-65.88899110920823,46.27191819289721,2420.401317921567,676.0234570073018,110.58288257314003
NU,NL,-83.73487939028163,65.79775782934506,-54.710398251219274,48.37953248065615,2569.4115378407896,676.0234570073018,199.7445317454658
NU,NS,-83.73487939028163,65.79775782934506,-63.364354100079126,44.99917681119021,2621.6790602911174,676.0234570073018,99.55553596846035
NU,ON,-83.73487939028163,65.79775782934506,-79.5843766512985,44.00934090740043,2438.7287819955695,676.0234570073018,136.93772106979102
NU,PE,-83.73487939028163,65.79775782934506,-63.29457869026314,46.33863418808276,2484.962673107988,676.0234570073018,32.64880016326448
NU,QC,-83.73487939028163,65.79775782934506,-72.98991150667968,46.09316905177154,2285.9322913048204,676.0234570073018,136.01900681687877
NU,SK,-83.73487939028163,65.79775782934506,-105.71688714273402,51.656462851830234,2000.644826759353,676.0234570073018,171.51522912795156
NU,YT,-83.73487939028163,65.79775782934506,NA,NA,NA,676.0234570073018,NA
NU,NT,-83.73487939028163,65.79775782934506,-118.20269759773556,63.239276971999026,1653.1646132150297,676.0234570073018,352.81366556013114
NU,NU,-83.73487939028163,65.79775782934506,-83.73487939028163,65.79775782934506,676.0234570073018,676.0234570073018,676.0234570073018
USA,AB,NA,NA,NA,NA,1650.356517454424,1160.8278641006323,172.87166489309965
USA,BC,NA,NA,NA,NA,1234.0121027574257,1160.8278641006323,137.2250604138208
USA,MB,NA,NA,NA,NA,1314.639728230723,1160.8278641006323,101.16758582766326
USA,NB,NA,NA,NA,NA,739.5979942368039,1160.8278641006323,110.58288257314003
USA,NL,NA,NA,NA,NA,1608.4008511762609,1160.8278641006323,199.7445317454658
USA,NS,NA,NA,NA,NA,872.5216008148915,1160.8278641006323,99.55553596846035
USA,NT,NA,NA,NA,NA,2756.496618010108,1160.8278641006323,352.81366556013114
USA,NU,NA,NA,NA,NA,2640.317307367993,1160.8278641006323,676.0234570073018
USA,ON,NA,NA,NA,NA,490.46545474871505,1160.8278641006323,136.93772106979102
USA,PE,NA,NA,NA,NA,922.8425335548627,1160.8278641006323,32.64880016326448
USA,QC,NA,NA,NA,NA,379.2485311177361,1160.8278641006323,136.01900681687877
USA,SK,NA,NA,NA,NA,1810.434798479178,1160.8278641006323,171.51522912795156
AB,USA,NA,NA,NA,NA,1650.356517454424,172.87166489309965,1160.8278641006323
BC,USA,NA,NA,NA,NA,1234.0121027574257,137.2250604138208,1160.8278641006323
MB,USA,NA,NA,NA,NA,1314.639728230723,101.16758582766326,1160.8278641006323
NB,USA,NA,NA,NA,NA,739.5979942368039,110.58288257314003,1160.8278641006323
NL,USA,NA,NA,NA,NA,1608.4008511762609,199.7445317454658,1160.8278641006323
NS,USA,NA,NA,NA,NA,872.5216008148915,99.55553596846035,1160.8278641006323
NT,USA,NA,NA,NA,NA,2756.496618010108,352.81366556013114,1160.8278641006323
NU,USA,NA,NA,NA,NA,2640.317307367993,676.0234570073018,1160.8278641006323
ON,USA,NA,NA,NA,NA,490.46545474871505,136.93772106979102,1160.8278641006323
PE,USA,NA,NA,NA,NA,922.8425335548627,32.64880016326448,1160.8278641006323
QC,USA,NA,NA,NA,NA,379.2485311177361,136.01900681687877,1160.8278641006323
SK,USA,NA,NA,NA,NA,1810.434798479178,171.51522912795156,1160.8278641006323
USA,USA,NA,NA,NA,NA,1160.8278641006323,1160.8278641006323,1160.8278641006323
AB,ROW,NA,NA,NA,NA,9343.622741167652,172.87166489309965,8330.688062861787
BC,ROW,NA,NA,NA,NA,9529.536601185595,137.2250604138208,8330.688062861787
MB,ROW,NA,NA,NA,NA,9624.272016476414,101.16758582766326,8330.688062861787
NB,ROW,NA,NA,NA,NA,9418.083412908045,110.58288257314003,8330.688062861787
NL,ROW,NA,NA,NA,NA,8793.918929337638,199.7445317454658,8330.688062861787
NS,ROW,NA,NA,NA,NA,9454.77208435304,99.55553596846035,8330.688062861787
NT,ROW,NA,NA,NA,NA,8109.017568511898,352.81366556013114,8330.688062861787
NU,ROW,NA,NA,NA,NA,7785.113462127989,676.0234570073018,8330.688062861787
ON,ROW,NA,NA,NA,NA,10047.177118011803,136.93772106979102,8330.688062861787
PE,ROW,NA,NA,NA,NA,9320.493221093959,32.64880016326448,8330.688062861787
QC,ROW,NA,NA,NA,NA,9657.812530613175,136.01900681687877,8330.688062861787
SK,ROW,NA,NA,NA,NA,9470.805960760621,171.51522912795156,8330.688062861787
ROW,AB,NA,NA,NA,NA,9343.622741167652,8330.688062861787,8330.688062861787
ROW,BC,NA,NA,NA,NA,9529.536601185595,8330.688062861787,8330.688062861787
ROW,MB,NA,NA,NA,NA,9624.272016476414,8330.688062861787,8330.688062861787
ROW,NB,NA,NA,NA,NA,9418.083412908045,8330.688062861787,8330.688062861787
ROW,NL,NA,NA,NA,NA,8793.918929337638,8330.688062861787,8330.688062861787
ROW,NS,NA,NA,NA,NA,9454.77208435304,8330.688062861787,8330.688062861787
ROW,NT,NA,NA,NA,NA,8109.017568511898,8330.688062861787,8330.688062861787
ROW,NU,NA,NA,NA,NA,7785.113462127989,8330.688062861787,8330.688062861787
ROW,ON,NA,NA,NA,NA,10047.177118011803,8330.688062861787,8330.688062861787
ROW,PE,NA,NA,NA,NA,9320.493221093959,8330.688062861787,8330.688062861787
ROW,QC,NA,NA,NA,NA,9657.812530613175,8330.688062861787,8330.688062861787
ROW,SK,NA,NA,NA,NA,9470.805960760621,8330.688062861787,8330.688062861787
USA,ROW,NA,NA,NA,NA,10955.642771535464,1160.8278641006323,8330.688062861787
ROW,USA,NA,NA,NA,NA,10955.642771535464,8330.688062861787,1160.8278641006323
ROW,ROW,NA,NA,NA,NA,8330.688062861787,8330.688062861787,8330.688062861787
