region,va_data,va_model,va_gap_pct,output_data,output_model,absorption_data,absorption_model,deficit,deficit_pct_va,income
NL,39102.393000000004,39736.202032693516,1.6208957663882861,62549.832,63109.345927816925,59054.7,59614.213927810844,-3495.132000000015,-8.79583810532357,36241.070032693504
PE,8602.033,9068.999479249262,5.428559495752494,15573.883,15970.816936739173,17412.109,17809.042936739155,1838.2259999999908,20.26933626146994,10907.225479249253
NS,50952.794,51853.45643471561,1.7676409162481033,94161.46399999999,94739.96153733354,109974.807,110553.30453733385,15813.342999999999,30.496217778479757,67666.7994347156
NB,40416.696,41716.28365353208,3.2154722729737184,89659.138,91172.2155886451,98996.35800000001,100509.43558864504,9337.219999999992,22.38267453915305,51053.503653532076
QC,512822.60000000003,528505.3780452445,3.0581292722365205,986596.2880000001,1005299.3517340448,1018062.541,1036765.6047340534,31466.2529999999,5.953818883808241,559971.6310452444
ON,987790.698,1022944.8051038029,3.558861930465662,1957786.567,1997170.0992950285,1985963.596,2025347.1282950279,28177.028999999853,2.7545014021690646,1051121.8341038027
MB,81892.072,82823.05837143496,1.136845544016718,156319.795,156574.9565170703,164051.532,164306.6935170704,7731.736999999984,9.335246913155045,90554.79537143494
SK,110789.512,111760.35262252351,0.8762928954173077,193876.675,193643.76849473818,168099.454,167866.54749473816,-25777.221,-23.064727691996396,85983.1316225235
AB,456439.553,461655.5781544426,1.1427636190070922,851887.623,854880.9535798142,746507.705,749501.0355798141,-105379.91800000008,-22.826523275485304,356275.66015444254
BC,372203.598,378299.5795573779,1.637808336656077,659957.089,664314.3319044332,682585.338,686942.5809044313,22628.24899999994,5.981568635755738,400927.82855737786
YT,3739.38,3840.812809299884,2.712556875735661,6566.885,6706.14494696608,8138.374,8277.63394696753,1571.4889999999898,40.91553215493587,5412.301809299874
NT,5121.013,5307.817031517643,3.64779451873376,10004.459,10168.687903926357,11001.545,11165.773903926327,997.0859999999896,18.785236832379972,6304.903031517632
NU,4310.228,4568.076550775771,5.982248520861777,8484.276,8905.951413753366,9333.753,9755.428413753354,849.476999999991,18.59594493563662,5417.553550775761
USA,32318501.03723367,32538184.89503159,0.6797464323757607,59110733.09038479,59402512.07028576,60269718.1166761,60561497.09657707,1158985.0262913108,3.5619227994130727,33697169.9213229
ROW,87119225.86399877,86831644.17635424,-0.3301012891155253,195819420.31234574,195743877.77464935,194674677.44805443,194599134.91035804,-1144742.8642913103,-1.3183475622854135,85686901.31206293
