region,sector,beta
NL,AGR,0.00678187843897472
PE,AGR,0.010279122862087021
NS,AGR,0.005799871051374619
NB,AGR,0.00803547793770285
QC,AGR,0.007198770639289813
ON,AGR,0.007840923328263248
MB,AGR,0.016884100221984923
SK,AGR,0.052146765012863444
AB,AGR,0.010989263467722945
BC,AGR,0.006370741786213984
YT,AGR,0.003002964770068835
NT,AGR,0.004273691554181878
NU,AGR,0.0022142340525970923
USA,AGR,0.009101927553347029
ROW,AGR,0.036859032698161535
NL,MIE,2.1862133049937784e-4
PE,MIE,6.338594923303096e-4
NS,MIE,3.641164013028897e-4
NB,MIE,0
QC,MIE,4.5460351926455565e-4
ON,MIE,0.002086042089593571
MB,MIE,0.0017119298505862055
SK,MIE,0.002329833988581423
AB,MIE,0.0036973111010366517
BC,MIE,0.0019861138646753776
YT,MIE,1.0091639198622745e-4
NT,MIE,5.502841395686241e-4
NU,MIE,6.376623067955672e-6
USA,MIE,0.001749305316154975
ROW,MIE,0.002019941733446502
NL,MIN,0
PE,MIN,8.892614475109639e-5
NS,MIN,5.149345474895903e-5
NB,MIN,6.331914931457303e-6
QC,MIN,2.1913196576467644e-4
ON,MIN,6.39531524512861e-4
MB,MIN,0
SK,MIN,0.007308782323587458
AB,MIN,1.5720672983806004e-4
BC,MIN,1.9952718360442103e-5
YT,MIN,0.014316459950328165
NT,MIN,0
NU,MIN,0.022914878072203854
USA,MIN,0.00040717268096048507
ROW,MIN,3.4464704760129835e-4
NL,MIS,0.022719150917030258
PE,MIS,0
NS,MIS,3.097613753571126e-4
NB,MIS,4.76243369750644e-4
QC,MIS,0.001669020691419378
ON,MIS,0.0010722872450480202
MB,MIS,0.002149615636834077
SK,MIS,0.004712379465429419
AB,MIS,0.002287227321505806
BC,MIS,0.003108827342693032
YT,MIS,0.03497174247409922
NT,MIS,0.01628218211098178
NU,MIS,0.049354096390966606
USA,MIS,0.001729748524031183
ROW,MIS,9.261043036853609e-4
NL,FOD,0.03457729982964225
PE,FOD,0.03212319513344563
NS,FOD,0.0341723049874443
NB,FOD,0.03930179899429342
QC,FOD,0.04194392986387984
ON,FOD,0.036656125807764804
MB,FOD,0.032966616782816004
SK,FOD,0.031904622504423955
AB,FOD,0.03229959742223977
BC,FOD,0.03279517878148856
YT,FOD,0.015638483408240506
NT,FOD,0.020119081616223687
NU,FOD,0.004972413375991009
USA,FOD,0.03746855175379112
ROW,FOD,0.06470141792295998
NL,TEX,0.01152098252987491
PE,TEX,0.011108752598458924
NS,TEX,0.008077296227403875
NB,TEX,0.010108276936283708
QC,TEX,0.013462242753992177
ON,TEX,0.010076124977247004
MB,TEX,0.011599520906804545
SK,TEX,0.010244637511221448
AB,TEX,0.009606960338504776
BC,TEX,0.008460229117695228
YT,TEX,0.004196174725779832
NT,TEX,0.010806469659165754
NU,TEX,0.012367750286803113
USA,TEX,0.007475242532679308
ROW,TEX,0.017756150490709034
NL,WOD,3.4231205018522175e-4
PE,WOD,4.4785405949272853e-4
NS,WOD,3.5120226393279375e-4
NB,WOD,8.352569915853415e-4
QC,WOD,0.0011094614763471724
ON,WOD,6.407592515758634e-4
MB,WOD,4.93188031699208e-4
SK,WOD,4.429328198518683e-4
AB,WOD,5.929245957791573e-4
BC,WOD,6.813695123360315e-4
YT,WOD,1.0091639198622745e-4
NT,WOD,1.4656050741719773e-4
NU,WOD,2.226021143722707e-4
USA,WOD,0.001510621195068897
ROW,WOD,9.725783135721465e-4
NL,PAP,0.0017950869500978177
PE,PAP,0.0016785046831750124
NS,PAP,0.0015755247591517087
NB,PAP,0.00208117538761244
QC,PAP,0.0025122704981520357
ON,PAP,0.0021716860635366277
MB,PAP,0.0016740789596488507
SK,PAP,0.0015894249306512324
AB,PAP,0.0020065032416781564
BC,PAP,0.0015022162240886836
YT,PAP,6.141108825878033e-4
NT,PAP,4.950630940576537e-4
NU,PAP,5.043329153746758e-4
USA,PAP,0.002488639648831798
ROW,PAP,0.003102110737264124
NL,PET,0.016325784277599467
PE,PET,0.023744702708426817
NS,PET,0.02168694366626429
NB,PET,0.021157825778412673
QC,PET,0.013206467678800998
ON,PET,0.012446622734600855
MB,PET,0.01445365962777165
SK,PET,0.012437957250753135
AB,PET,0.011357073391772082
BC,PET,0.009375219077559099
YT,PET,0.003807861929899617
NT,PET,0.008931201479924019
NU,PET,0.00322657127238557
USA,PET,0.00872658877307071
ROW,PET,0.00898523720620046
NL,CHM,0.0077334097006011475
PE,CHM,0.008120530762046815
NS,CHM,0.007900486711745558
NB,CHM,0.008483555203103219
QC,CHM,0.009788961379501018
ON,CHM,0.007955181058799554
MB,CHM,0.00795943758103738
SK,CHM,0.008056582024115862
AB,CHM,0.005533191287814875
BC,CHM,0.00530900505118424
YT,CHM,0.0027372869217785626
NT,CHM,0.0018897155457998375
NU,CHM,0.0018584957778059895
USA,CHM,0.020165079181175473
ROW,CHM,0.0152091878037411
NL,RUB,0.001553991569338453
PE,RUB,0.0013810097554256089
NS,RUB,0.002529525150430796
NB,RUB,0.002007097937693322
QC,RUB,0.0024318470071505297
ON,RUB,0.0025059872547123904
MB,RUB,0.0017409331914604803
SK,RUB,0.0021936530655586664
AB,RUB,0.0015466382545067355
BC,RUB,0.0020934758821236545
YT,RUB,5.504530471976041e-4
NT,RUB,8.819314652246268e-4
NU,RUB,2.1641872230637429e-4
USA,RUB,0.0032073203535706867
ROW,RUB,0.003116240163351731
NL,NMM,5.222991531955873e-4
PE,NMM,6.070299625173456e-4
NS,NMM,5.403476720043372e-4
NB,NMM,7.629461260828368e-4
QC,NMM,0.0011024301038621723
ON,NMM,0.0012130881026043367
MB,NMM,8.27273271905599e-4
SK,NMM,7.542478350503281e-4
AB,NMM,8.457972790113718e-4
BC,NMM,8.060110970895937e-4
YT,NMM,2.342233884504091e-4
NT,NMM,3.155946961469997e-4
NU,NMM,4.511943898083786e-4
USA,NMM,0.0011030020861509354
ROW,NMM,0.001804269428089323
NL,BMT,0.0019754912693877623
PE,BMT,0.0013929550584518755
NS,BMT,8.122562428771157e-4
NB,BMT,0.001108025565215707
QC,BMT,0.002602862182705597
ON,BMT,6.163043349462276e-4
MB,BMT,0.0012129892708855386
SK,BMT,0.0015702529370994133
AB,BMT,0.0013163364653250382
BC,BMT,0.0011621754656352605
YT,BMT,7.03980767844555e-5
NT,BMT,6.324736026547197e-5
NU,BMT,3.2076346341837624e-5
USA,BMT,2.7567793356873333e-4
ROW,BMT,5.924785231680455e-4
NL,FMT,0.0016497844271297834
PE,FMT,0.0013515257138290299
NS,FMT,0.0016370707800739458
NB,FMT,0.0017616617993626957
QC,FMT,0.002319230018445695
ON,FMT,0.003025366591389645
MB,FMT,0.0019173811181820303
SK,FMT,0.002054127388265179
AB,FMT,0.001859359463099329
BC,FMT,0.0017394614943427602
YT,FMT,6.049366651345099e-4
NT,FMT,9.066525146684915e-4
NU,FMT,8.805536763840606e-4
USA,FMT,0.005061559007385688
ROW,FMT,0.008667993819542343
NL,ELC,0.005580518069136409
PE,ELC,0.0064867735632241665
NS,ELC,0.007537467493181343
NB,ELC,0.010661872884366293
QC,ELC,0.011163549966839987
ON,ELC,0.012132264050324363
MB,ELC,0.008189091108570901
SK,ELC,0.008896655564113093
AB,ELC,0.00986387687925933
BC,ELC,0.009678999152314653
YT,ELC,0.006253071724593737
NT,ELC,0.008960898844515676
NU,ELC,0.003527238711589783
USA,ELC,0.018961007060724636
ROW,ELC,0.02222750630188278
NL,ELQ,0.005087924715046844
PE,ELQ,0.004822679086874492
NS,ELQ,0.00443330029676569
NB,ELQ,0.005469345353835346
QC,ELQ,0.0036703417459009627
ON,ELQ,0.0049406149494009045
MB,ELQ,0.0040980998852749445
SK,ELQ,0.004361720485046379
AB,ELQ,0.004269934343516109
BC,ELQ,0.0037603811310513175
YT,ELQ,0.002360769548338296
NT,ELQ,0.006107704475585476
NU,ELQ,0.0021145268555345124
USA,ELQ,0.006847231609058551
ROW,ELQ,0.011620655472984133
NL,MAC,0.011421100952543705
PE,MAC,0.017201615573793103
NS,MAC,0.01055992422915314
NB,MAC,0.01977175173557987
QC,MAC,0.015755991122372786
ON,MAC,0.015860398412024024
MB,MAC,0.014813937553269855
SK,MAC,0.03292550817305648
AB,MAC,0.02558877766092284
BC,MAC,0.011066429323405786
YT,MAC,0.011028719981351999
NT,MAC,0.008533898899576195
NU,MAC,0.023808378225725887
USA,MAC,0.01326100474232227
ROW,MAC,0.027313410380109277
NL,MTV,0.03374361825978756
PE,MTV,0.03313058235532745
NS,MTV,0.030173518708781977
NB,MTV,0.03591313279649281
QC,MTV,0.03421575219991442
ON,MTV,0.03851200081618748
MB,MTV,0.029208912442304186
SK,MTV,0.02958008725027142
AB,MTV,0.0284440693344473
BC,MTV,0.026270978692669193
YT,MTV,0.017525376540777054
NT,MTV,0.01558260851697943
NU,MTV,0.012617984434469858
USA,MTV,0.029179100480464387
ROW,MTV,0.030761312172880275
NL,OTE,0.009169690650261055
PE,OTE,0.004613636283914825
NS,OTE,0.0110413947031131
NB,OTE,0.004281188313452576
QC,OTE,0.0066912081589950234
ON,OTE,0.005680652098605146
MB,OTE,0.008892006541456372
SK,OTE,0.003993831997268749
AB,OTE,0.005605700567937293
BC,OTE,0.010087443180592355
YT,OTE,0.0031525606832358026
NT,OTE,0.008419925230062273
NU,OTE,0.005267477116135504
USA,OTE,0.00852300210821571
ROW,OTE,0.008790437767745856
NL,MFN,0.01200139316860077
PE,MFN,0.011927669483704096
NS,MFN,0.011796108159384772
NB,MFN,0.013220204707832344
QC,MFN,0.0126569123302168
ON,MFN,0.014331888962418812
MB,MFN,0.015989218106457617
SK,MFN,0.010809372258932208
AB,MFN,0.012860646969039505
BC,MFN,0.013107931974110346
YT,MFN,0.005535610473960668
NT,MFN,0.007322085897941555
NU,MFN,0.00615440741558752
USA,MFN,0.01133287230189632
ROW,MFN,0.013754005161344077
NL,UTL,0.016977531735139093
PE,UTL,0.006845606673973526
NS,UTL,0.013444417649133266
NB,UTL,0.01944689869555407
QC,UTL,0.011411948582711664
ON,UTL,0.012737601862228911
MB,UTL,0.01583296971615944
SK,UTL,0.015797722686699267
AB,UTL,0.011812263464578978
BC,UTL,0.010450264268261397
YT,UTL,0.007029510087426548
NT,UTL,0.013645537714128034
NU,UTL,0.005530850971942279
USA,UTL,0.011556081409255
ROW,UTL,0.019968223982438905
NL,CON,0.14818879737574298
PE,CON,0.12145747107127279
NS,CON,0.11345127504125001
NB,CON,0.10519903014912513
QC,CON,0.12768798611243498
ON,CON,0.12989793019047424
MB,CON,0.11220881854234765
SK,CON,0.13886035854363513
AB,CON,0.20209490949452102
BC,CON,0.1819532283767366
YT,CON,0.17667352236589962
NT,CON,0.10910314119459495
NU,CON,0.17206853594473437
USA,CON,0.06554162606174244
ROW,CON,0.14847975720558962
NL,TRD,0.09718502507302954
PE,TRD,0.09296593246978904
NS,TRD,0.09423395627860229
NB,TRD,0.10423630118986012
QC,TRD,0.10169199233687395
ON,TRD,0.0944972612778881
MB,TRD,0.09172274835920599
SK,TRD,0.09563999556929252
AB,TRD,0.09512581118501391
BC,TRD,0.09233452385300271
YT,TRD,0.06265616062744157
NT,TRD,0.05371980359928849
NU,TRD,0.05145702938637756
USA,TRD,0.10500199125112715
ROW,TRD,0.08106508834939985
NL,TRN,0.023533251136163374
PE,TRN,0.02224812688642169
NS,TRN,0.018531431283037338
NB,TRN,0.01690702668677847
QC,TRN,0.016925337032571687
ON,TRN,0.02097241460791033
MB,TRN,0.019546644098013707
SK,TRN,0.01760944159534342
AB,TRN,0.020233459507064747
BC,TRN,0.01868652667592994
YT,TRN,0.018531732026725055
NT,TRN,0.0139036639966328
NU,TRN,0.009079731555762699
USA,TRN,0.02093882509981241
ROW,TRN,0.027757860709072893
NL,ACC,0.02947966788249053
PE,ACC,0.032460318129964714
NS,ACC,0.027222378850824146
NB,ACC,0.027469573858552244
QC,ACC,0.035975972586024335
ON,ACC,0.038146298332191096
MB,ACC,0.032443102105474124
SK,ACC,0.031200994249470874
AB,ACC,0.03547534994769034
BC,ACC,0.03812117441067482
YT,ACC,0.03062934195584955
NT,ACC,0.019617276417772254
NU,ACC,0.007294083865733052
USA,ACC,0.04778175070460014
ROW,ACC,0.03181849988165061
NL,PUB,0.003530011312680349
PE,PUB,0.0028006047357059046
NS,PUB,0.004323848905185842
NB,PUB,0.0035410489906808505
QC,PUB,0.0037644847208942343
ON,PUB,0.004269782733409892
MB,PUB,0.003965627235195725
SK,PUB,0.0034293041415747356
AB,PUB,0.003573737154020858
BC,PUB,0.0038820755231690446
YT,PUB,0.0038554180775146477
NT,PUB,0.002249776025686776
NU,PUB,0.002006703956385444
USA,PUB,0.01814285630305556
ROW,PUB,0.007077592069661826
NL,TEL,0.019987580305789492
PE,TEL,0.01828797452123747
NS,TEL,0.018707529112594896
NB,TEL,0.018881274094028025
QC,TEL,0.0158237486484487
ON,TEL,0.01730780950562668
MB,TEL,0.017374510407310802
SK,TEL,0.01676249464278984
AB,TEL,0.016828876715113808
BC,TEL,0.015533501408847766
YT,TEL,0.011794673524238188
NT,TEL,0.01120200645026759
NU,TEL,0.005977794279705353
USA,TEL,0.01513771961098108
ROW,TEL,0.012423244204772624
NL,ITS,0.007632721505129424
PE,ITS,0.012481893622525959
NS,ITS,0.010218759704599857
NB,ITS,0.011854952541999851
QC,ITS,0.016994814515251314
ON,ITS,0.01987524269292502
MB,ITS,0.011913559720230187
SK,ITS,0.008273749677693846
AB,ITS,0.014858870065783885
BC,ITS,0.01070939798695034
YT,ITS,0.00761516217301638
NT,ITS,0.007170228022786387
NU,ITS,0.006377202760961849
USA,ITS,0.015251270833548176
ROW,ITS,0.016622883863946874
NL,FIN,0.03827158309880215
PE,FIN,0.03783456684387745
NS,FIN,0.038792571153597945
NB,FIN,0.03932897263548829
QC,FIN,0.04567050980866694
ON,FIN,0.05329819762752029
MB,FIN,0.040527630264535625
SK,FIN,0.039860815924414164
AB,FIN,0.04493116226801229
BC,FIN,0.047935647264041106
YT,FIN,0.018645754443644563
NT,FIN,0.016490545242008638
NU,FIN,0.00605470021852494
USA,FIN,0.05232510254582859
ROW,FIN,0.03391159006962577
NL,REA,0.1017858915032959
PE,REA,0.143162655493953
NS,REA,0.1358033041954711
NB,REA,0.12162191345943597
QC,REA,0.10906751681796664
ON,REA,0.13202342851727072
MB,REA,0.12921324107062923
SK,REA,0.11221566672096049
AB,REA,0.11811265941992118
BC,REA,0.17206595513181974
YT,REA,0.10921980769716845
NT,REA,0.08712291771309745
NU,REA,0.06444601734480121
USA,REA,0.11492471743904568
ROW,REA,0.0821288530607664
NL,PRF,0.013287170299007224
PE,PRF,0.011679377827943838
NS,PRF,0.01402106131227652
NB,PRF,0.011120132821741074
QC,PRF,0.020448350436272016
ON,PRF,0.022427151041984363
MB,PRF,0.01302372492969041
SK,PRF,0.012013403338388892
AB,PRF,0.01599707871053422
BC,PRF,0.017772540704766186
YT,PRF,0.00473558126624796
NT,PRF,0.0021749707721748215
NU,PRF,0.0014938688769201606
USA,PRF,0.023020278459298934
ROW,PRF,0.021770670120427164
NL,ADM,0.002749344024750827
PE,ADM,0.002885075092820219
NS,ADM,0.0037070839381120736
NB,ADM,0.0037404348386008784
QC,ADM,0.00491246993862313
ON,ADM,0.0048336425141413935
MB,ADM,0.0038955030188737604
SK,ADM,0.0033925693146013456
AB,ADM,0.004255476633172065
BC,ADM,0.0041908506285542255
YT,ADM,0.0010810598280676757
NT,ADM,0.0014245103426289295
NU,ADM,7.18432865656339e-4
USA,ADM,0.00901465079361092
ROW,ADM,0.008213643335401286
NL,PAD,0.14535002999506907
PE,PAD,0.1496999595850581
NS,PAD,0.19380103614082875
NB,PAD,0.20060933664874256
QC,PAD,0.12876408371721157
ON,PAD,0.12809138793163402
MB,PAD,0.15662278712000566
SK,PAD,0.12537989540849948
AB,PAD,0.11064876245777307
BC,PAD,0.09593717910665135
YT,PAD,0.36032413071949265
NT,PAD,0.41042335760330384
NU,PAD,0.4714484769822264
USA,PAD,0.11114370792800218
ROW,PAD,0.07897406071544902
NL,EDU,0.05055598797705066
PE,EDU,0.0496346301539835
NS,EDU,0.04756604465548574
NB,EDU,0.016675802620833183
QC,EDU,0.05836944239501716
ON,EDU,0.04421663510278384
MB,EDU,0.05104347393005396
SK,EDU,0.050609465376431344
AB,EDU,0.042195344086955085
BC,EDU,0.038071747274668936
YT,EDU,0.012167446319126089
NT,EDU,0.024957344150237204
NU,EDU,0.013142993067064875
USA,EDU,0.06111714783784234
ROW,EDU,0.05121516527149604
NL,HTH,0.09532793978378627
PE,HTH,0.10021606777878703
NS,HTH,0.08183645853727899
NB,HTH,0.09148817150652573
QC,HTH,0.09125766380116723
ON,HTH,0.066619633032166
MB,HTH,0.09471024557889893
SK,HTH,0.0742113848148179
AB,HTH,0.06845801970904845
BC,HTH,0.0749263837119251
YT,HTH,0.03056100339726889
NT,HTH,0.08806954127524336
NU,HTH,0.010943637801626348
USA,HTH,0.10668728593826343
ROW,HTH,0.06865704817778176
NL,ART,0.006280829501619021
PE,ART,0.007148315821297887
NS,ART,0.006615982260630867
NB,ART,0.00799603745190722
QC,ART,0.007886508616032227
ON,ART,0.011737186951037764
MB,ART,0.01239272728322622
SK,ART,0.011411922269703813
AB,ART,0.010523314300234496
BC,ART,0.010300413349372572
YT,ART,0.003760305782284586
NT,ART,0.002156028669354198
NU,ART,0.0010138830678049517
USA,ART,0.012778149491917312
ROW,ART,0.01208218293023497
NL,OSV,0.01515629923152099
PE,OSV,0.017050498010111603
NS,OSV,0.016372946646598108
NB,OSV,0.014439922076556862
QC,OSV,0.019172184631016644
ON,OSV,0.018644546425251627
MB,OSV,0.016780696531198246
SK,OSV,0.015017440939541705
AB,OSV,0.01414650876560451
BC,OSV,0.01774644945499856
YT,OSV,0.013916351732008002
NT,OSV,0.015980553202507613
NU,OSV,0.018234050278320275
USA,OSV,0.021062183449599647
ROW,OSV,0.018308918603845023
