sector,term,estimate,std_error,n_obs
ACC,log_dist,0.15708198009287125,0.01319078130410375,1960
ACC,adjacent,-0.0013811741938110373,0.03871068764593396,1960
ADM,log_dist,0.17570931698548245,0.02438263891487829,1798
ADM,adjacent,-0.031911303962609265,0.03960961585594416,1798
AGR,log_dist,0.6902725158472834,0.06334963691894752,1368
AGR,adjacent,-0.10572947956334794,0.13244898896215396,1368
ART,log_dist,0.22730476208833014,0.025254710280340473,1638
ART,adjacent,-0.06938198587255277,0.0479114187073396,1638
BMT,log_dist,0.13963603554473122,0.037530700179580094,746
BMT,adjacent,-0.09178784776581757,0.08233175060050289,746
CHM,log_dist,0.11966146832386351,0.019503640169028794,1586
CHM,adjacent,-0.08076971644260653,0.051892608920873676,1586
EDU,log_dist,0.16031117226924682,0.020189824379719234,1330
EDU,adjacent,-0.005716106247229149,0.02763164851630919,1330
ELC,log_dist,0.027281363308775425,0.017648681819665734,966
ELC,adjacent,-0.03595866599198458,0.018974960548207742,966
ELQ,log_dist,0.046266160477416364,0.012700364199112442,772
ELQ,adjacent,-0.015691872730175544,0.02505639044385743,772
FIN,log_dist,0.16775747826727938,0.02316367380766186,1968
FIN,adjacent,0.013944401016149527,0.05663273018441459,1968
FMT,log_dist,0.10330268716921416,0.017542808208794607,1132
FMT,adjacent,-0.005131396672877473,0.016693583662894713,1132
FOD,log_dist,0.25057995237946007,0.020748320744964494,1368
FOD,adjacent,0.09045204290898681,0.0415916792595686,1368
HTH,log_dist,0.24631918148297852,0.03627886640324091,1508
HTH,adjacent,-0.02933265882681199,0.05802984169866593,1508
ITS,log_dist,0.09870069433186873,0.010659356616309616,1290
ITS,adjacent,0.026784240184893428,0.02589415701518801,1290
MAC,log_dist,0.08399969298946224,0.013609200477084542,1010
MAC,adjacent,-0.007045800773917625,0.02090014199010853,1010
MFN,log_dist,0.1907014763305347,0.020051681110647056,1530
MFN,adjacent,0.0064488913499374115,0.050630026839362074,1530
MIE,log_dist,0.262341073723598,0.019721858519484634,180
MIE,adjacent,0.1806390962704557,0.028478703950514883,180
MIN,log_dist,0.025240614515953226,0.012192948592880311,624
MIN,adjacent,-0.03207600962140854,0.017347160766080113,624
MIS,log_dist,-0.03707539222599294,0.08123864252063495,438
MIS,adjacent,-0.2773897893309374,0.14060044079198733,438
MTV,log_dist,0.3994569071310306,0.10066188691368325,796
MTV,adjacent,0.029741249453701366,0.15403855654940563,796
NMM,log_dist,0.3005724593217781,0.04959785698628157,918
NMM,adjacent,0.027722944723877464,0.06784307905674668,918
OSV,log_dist,0.2350408472350513,0.024930761693437335,1588
OSV,adjacent,0.01612829281122472,0.045831552148169474,1588
OTE,log_dist,0.10122193686798153,0.018329726596714255,854
OTE,adjacent,0.04054628248876764,0.027512624817693527,854
PAP,log_dist,0.17318801838961514,0.026958445636366565,1088
PAP,adjacent,0.02369554114594809,0.027201568788633144,1088
PET,log_dist,0.022058678830295237,0.004628798904841102,672
PET,adjacent,-0.004315516592855856,0.010741157706932795,672
PRF,log_dist,0.18953851661718502,0.03021695279803168,1630
PRF,adjacent,-0.03747072222012817,0.04378858553231779,1630
PUB,log_dist,0.13881587155306382,0.021984312191855135,1670
PUB,adjacent,0.007174721271780414,0.045745320592996776,1670
REA,log_dist,0.22235952563122746,0.036786671093448076,1414
REA,adjacent,-0.07365056885226129,0.06344086494767703,1414
RUB,log_dist,0.16665814735507128,0.021955494565605433,956
RUB,adjacent,0.03457056408863293,0.03666441773119109,956
TEL,log_dist,0.012363524060672511,0.0057858975562211454,2028
TEL,adjacent,-0.02616969079731736,0.015573728836959611,2028
TEX,log_dist,0.15035767379805762,0.033237994789248694,1126
TEX,adjacent,-0.0013574988158690782,0.052782567948746875,1126
TRD,log_dist,0.2131092691186838,0.029926718503371766,1938
TRD,adjacent,-0.008003324462556671,0.054767901766401464,1938
TRN,log_dist,0.15932814273931692,0.013905296809644307,2028
TRN,adjacent,-0.01793933260143903,0.035546400197781165,2028
WOD,log_dist,0.08741601362778223,0.0071017248230587846,992
WOD,adjacent,0.013837495958622287,0.0177410994925377,992
