region,sector,phi
NL,AGR,0.5574540698963332
PE,AGR,0.45879422149254867
NS,AGR,0.49811379746438766
NB,AGR,0.4655825054155409
QC,AGR,0.3506610730043567
ON,AGR,0.39069719582553875
MB,AGR,0.41203693074665054
SK,AGR,0.4624105760386722
AB,AGR,0.3407617954320364
BC,AGR,0.41285710311371265
YT,AGR,0.4056087991252332
NT,AGR,0.5041024902835757
NU,AGR,0.29599421402383136
USA,AGR,0.45111797449977614
ROW,AGR,0.5414819074201231
NL,MIE,0.8461804168724884
PE,MIE,0.6376936569387248
NS,MIE,0.413050611106554
NB,MIE,0.6008271853342276
QC,MIE,0.681435874883184
ON,MIE,0.464761568602327
MB,MIE,0.8741774548369882
SK,MIE,0.7241167335151524
AB,MIE,0.5952718415393446
BC,MIE,0.7959316734686072
YT,MIE,0.6376936569387248
NT,MIE,0.7387241734879636
NU,MIE,0.6376936569387248
USA,MIE,0.4956342231403956
ROW,MIE,0.6713722585018812
NL,MIN,0.6615689794196928
PE,MIN,0.7744257799108673
NS,MIN,0.5844582356193635
NB,MIN,0.5704871967933443
QC,MIN,0.6362025526828984
ON,MIN,0.6444528125603042
MB,MIN,0.5168106093145978
SK,MIN,0.855196768496146
AB,MIN,0.515668095608651
BC,MIN,0.5486298231456278
YT,MIN,0.4726504748564703
NT,MIN,0.48948492367135116
NU,MIN,0.5393168803269415
USA,MIN,0.5535916780545832
ROW,MIN,0.4937558941200557
NL,MIS,0.5861293824637589
PE,MIS,0.7619047619047619
NS,MIS,0.6417545749530352
NB,MIS,0.4923299898115861
QC,MIS,0.5831187471286903
ON,MIS,0.5010749518048806
MB,MIS,0.5848878754690557
SK,MIS,0.6396051775956726
AB,MIS,0.7206570902375117
BC,MIS,0.5373426810007372
YT,MIS,0.5190982101055209
NT,MIS,0.5369968329559338
NU,MIS,0.5887518400081214
USA,MIS,0.750641993050909
ROW,MIS,0.37798417726926953
NL,FOD,0.25317348751577773
PE,FOD,0.28842477666777655
NS,FOD,0.25296099777806186
NB,FOD,0.24505688503304884
QC,FOD,0.26916240511344786
ON,FOD,0.2547066768102621
MB,FOD,0.20711308743555099
SK,FOD,0.1765318512711533
AB,FOD,0.2552646046589211
BC,FOD,0.28006257153948383
YT,FOD,0.42869671987370633
NT,FOD,0.5231277533039648
NU,FOD,0.4841840402588067
USA,FOD,0.2581168157584005
ROW,FOD,0.2509712741810797
NL,TEX,0.335691225015417
PE,TEX,0.40480367021994335
NS,TEX,0.46155078905861213
NB,TEX,0.30596188589078616
QC,TEX,0.3880648648370069
ON,TEX,0.40196888236654255
MB,TEX,0.428909085363994
SK,TEX,0.3421451493200372
AB,TEX,0.4065271122867116
BC,TEX,0.34045231409183535
YT,TEX,0.48468271334792123
NT,TEX,0.18200202224469164
NU,TEX,0.5169811320754717
USA,TEX,0.4088128197768237
ROW,TEX,0.2758287589059499
NL,WOD,0.4115406446987124
PE,WOD,0.3607941917321084
NS,WOD,0.39746297669385383
NB,WOD,0.38949165120030593
QC,WOD,0.3764174970186765
ON,WOD,0.3890731391785054
MB,WOD,0.3391427141851019
SK,WOD,0.3937232320843711
AB,WOD,0.42528984797095765
BC,WOD,0.323807753929319
YT,WOD,0.3700715578012063
NT,WOD,0.2750677506775068
NU,WOD,0.3700715578012063
USA,WOD,0.39229014346586194
ROW,WOD,0.29258324646037864
NL,PAP,0.4264885872329603
PE,PAP,0.31216101367534577
NS,PAP,0.2988288987633171
NB,PAP,0.25857470879705197
QC,PAP,0.32790402451933087
ON,PAP,0.3478418869212558
MB,PAP,0.34779031978524977
SK,PAP,0.27918948616122025
AB,PAP,0.2735802269536271
BC,PAP,0.25798178721596715
YT,PAP,0.3613387978142077
NT,PAP,0.34116192830655134
NU,PAP,0.3169791206867388
USA,PAP,0.3745996356376638
ROW,PAP,0.2824516952524576
NL,PET,0.19341585392707686
PE,PET,0.20298987732117718
NS,PET,0.23329442145105947
NB,PET,0.04768063245558318
QC,PET,0.1346672181199276
ON,PET,0.18192687414342212
MB,PET,0.1506175735539576
SK,PET,0.28454064369650606
AB,PET,0.2650191706706924
BC,PET,0.37851492577817336
YT,PET,0.19341585392707686
NT,PET,0.19341585392707686
NU,PET,0.19341585392707686
USA,PET,0.2611324538178199
ROW,PET,0.19891734059377125
NL,CHM,0.3470346089342888
PE,CHM,0.42454632394925507
NS,CHM,0.3239194915254237
NB,CHM,0.27810072461361063
QC,CHM,0.33342389274380574
ON,CHM,0.2901855168655021
MB,CHM,0.4352045561423475
SK,CHM,0.3620624314965355
AB,CHM,0.303780157812638
BC,CHM,0.36841094021039916
YT,CHM,0.43701399688958004
NT,CHM,0.41999556147359074
NU,CHM,0.44763133993020704
USA,CHM,0.5522579311046901
ROW,CHM,0.27991030765683894
NL,RUB,0.32315623971626023
PE,RUB,0.5214285714285714
NS,RUB,0.25533728532717603
NB,RUB,0.3457176662448493
QC,RUB,0.30218760837484143
ON,RUB,0.29677573547504693
MB,RUB,0.37822435830154033
SK,RUB,0.3189966742075331
AB,RUB,0.3540675612089854
BC,RUB,0.3256332985204063
YT,RUB,0.4412845811568969
NT,RUB,0.34982698961937714
NU,RUB,0.3044228476957872
USA,RUB,0.30797755838995644
ROW,RUB,0.2572179193295301
NL,NMM,0.37743571613113774
PE,NMM,0.3824143692564746
NS,NMM,0.3852361522588138
NB,NMM,0.3225528437828037
QC,NMM,0.36925704276279364
ON,NMM,0.39240775040101716
MB,NMM,0.3947437559855246
SK,NMM,0.3372379513250321
AB,NMM,0.36153303182461494
BC,NMM,0.355321981781198
YT,NMM,0.38256274768824305
NT,NMM,0.5457875457875457
NU,NMM,0.3760491419984867
USA,NMM,0.40730219352016583
ROW,NMM,0.317433285658075
NL,BMT,0.13752056102244845
PE,BMT,0.5742793791574279
NS,BMT,0.45443536179231
NB,BMT,0.19147790502183004
QC,BMT,0.2596956416862527
ON,BMT,0.15086924102486543
MB,BMT,0.3588893387104308
SK,BMT,0.1298010907548755
AB,BMT,0.15580683976282636
BC,BMT,0.21447805931368535
YT,BMT,0.19147790502183004
NT,BMT,0.19147790502183004
NU,BMT,0.19147790502183004
USA,BMT,0.3134649806687465
ROW,BMT,0.213742364388578
NL,FMT,0.4596009377164474
PE,FMT,0.40479869242654476
NS,FMT,0.4643922591606411
NB,FMT,0.37602097174301485
QC,FMT,0.37781408380710946
ON,FMT,0.35165892993826287
MB,FMT,0.38927427702097217
SK,FMT,0.37713063543018244
AB,FMT,0.3759269746482245
BC,FMT,0.3958638091391668
YT,FMT,0.5277303754266212
NT,FMT,0.36831496789519785
NU,FMT,0.36831496789519785
USA,FMT,0.39114880309661015
ROW,FMT,0.3029012477895948
NL,ELC,0.37591042815115244
PE,ELC,0.4085416321801026
NS,ELC,0.48942916462866115
NB,ELC,0.43485117644926224
QC,ELC,0.46203201407995725
ON,ELC,0.42878266468133347
MB,ELC,0.4734632072449842
SK,ELC,0.53518940234001
AB,ELC,0.48064678017341933
BC,ELC,0.4657024765824463
YT,ELC,0.36916666666666664
NT,ELC,0.4481868024401075
NU,ELC,0.4481868024401075
USA,ELC,0.717983454608384
ROW,ELC,0.2604675204763586
NL,ELQ,0.39479079656769683
PE,ELQ,0.18986378140235508
NS,ELQ,0.2920032911491596
NB,ELQ,0.3557510299521211
QC,ELQ,0.3416551687161197
ON,ELQ,0.302566041583719
MB,ELQ,0.3919135297137545
SK,ELQ,0.2943617620736518
AB,ELQ,0.3891304589938062
BC,ELQ,0.33632586689823685
YT,ELQ,0.3237976989984323
NT,ELQ,0.3237976989984323
NU,ELQ,0.3237976989984323
USA,ELQ,0.48381660363390394
ROW,ELQ,0.24014106640405541
NL,MAC,0.2809018655847827
PE,MAC,0.5227451931825075
NS,MAC,0.42575544741550864
NB,MAC,0.3505838702476349
QC,MAC,0.4111092898758119
ON,MAC,0.379784091262027
MB,MAC,0.41330879379500246
SK,MAC,0.45210186463573077
AB,MAC,0.3630789338849922
BC,MAC,0.39428995075141154
YT,MAC,0.3909355353363001
NT,MAC,0.3909355353363001
NU,MAC,0.3909355353363001
USA,MAC,0.41185162688522625
ROW,MAC,0.3003799572428802
NL,MTV,0.45721271393643026
PE,MTV,0.3930753564154786
NS,MTV,0.4291323758808025
NB,MTV,0.2938019485880993
QC,MTV,0.28455972322267326
ON,MTV,0.1572911775744784
MB,MTV,0.32959515543520435
SK,MTV,0.2708351434349487
AB,MTV,0.29792000779257827
BC,MTV,0.35687627540793654
YT,MTV,0.1706436070960458
NT,MTV,0.1706436070960458
NU,MTV,0.1706436070960458
USA,MTV,0.20306685117001178
ROW,MTV,0.23154751009644287
NL,OTE,0.5201408788517616
PE,OTE,0.34996104798467187
NS,OTE,0.30470453575664447
NB,OTE,0.40684648431127307
QC,OTE,0.33063487430018346
ON,OTE,0.31760412589376896
MB,OTE,0.2723696718279553
SK,OTE,0.33103805518403756
AB,OTE,0.5069212125349901
BC,OTE,0.4443620782691521
YT,OTE,0.33103805518403756
NT,OTE,0.33103805518403756
NU,OTE,0.33103805518403756
USA,OTE,0.4546975653127736
ROW,OTE,0.23437727706861472
NL,MFN,0.45079229367983487
PE,MFN,0.5680631705973399
NS,MFN,0.48783093409577005
NB,MFN,0.4596072571462006
QC,MFN,0.415779069234211
ON,MFN,0.3211466395537247
MB,MFN,0.3950347372779406
SK,MFN,0.5354005726160521
AB,MFN,0.5392220682078724
BC,MFN,0.46689948626312266
YT,MFN,0.51864192566209
NT,MFN,0.5349578560622433
NU,MFN,0.4861419068736142
USA,MFN,0.554215882857191
ROW,MFN,0.34199409250982
NL,UTL,0.758538432472081
PE,UTL,0.7530673220267092
NS,UTL,0.4739465499492224
NB,UTL,0.5865435387745263
QC,UTL,0.8121154108164279
ON,UTL,0.8712744159018105
MB,UTL,0.9019847738806823
SK,UTL,0.577628774935911
AB,UTL,0.5792174362470937
BC,UTL,0.7318834788087474
YT,UTL,0.5382086028202882
NT,UTL,0.4550328679249277
NU,UTL,0.4149107444377253
USA,UTL,0.5683163058497985
ROW,UTL,0.30885651030003924
NL,CON,0.4128603810739839
PE,CON,0.4606302930875405
NS,CON,0.3912874599793609
NB,CON,0.4481560252022483
QC,CON,0.4407981254812913
ON,CON,0.4840230015454557
MB,CON,0.3903799889032618
SK,CON,0.40300022969464533
AB,CON,0.40636682862805457
BC,CON,0.4202345769069246
YT,CON,0.42727190815855454
NT,CON,0.3157043693933098
NU,CON,0.2839323869293329
USA,CON,0.48878698444984103
ROW,CON,0.3221841507529847
NL,TRD,0.6745816406960529
PE,TRD,0.6562891221865879
NS,TRD,0.6478711805133188
NB,TRD,0.6291801125302453
QC,TRD,0.6400190818690419
ON,TRD,0.6137347128116323
MB,TRD,0.6559586483530155
SK,TRD,0.6580417890664535
AB,TRD,0.6387116081723178
BC,TRD,0.6454164691853786
YT,TRD,0.6737219721891461
NT,TRD,0.7035084470130378
NU,TRD,0.6738287541771296
USA,TRD,0.5252822185408603
ROW,TRD,0.5935530966165978
NL,TRN,0.46237835878182987
PE,TRN,0.44090575434618995
NS,TRN,0.434886985888055
NB,TRN,0.38395031174578054
QC,TRN,0.4642582488681908
ON,TRN,0.4073552129678871
MB,TRN,0.4151342573675241
SK,TRN,0.4969263663850334
AB,TRN,0.4961415948608958
BC,TRN,0.4686506609797754
YT,TRN,0.5149587558903089
NT,TRN,0.3858052002755891
NU,TRN,0.45822174365204266
USA,TRN,0.508397163793498
ROW,TRN,0.42579285415686025
NL,ACC,0.4641068311347289
PE,ACC,0.4693977054498054
NS,ACC,0.4404419737614637
NB,ACC,0.48084791773662855
QC,ACC,0.465633120513897
ON,ACC,0.4510502069146977
MB,ACC,0.43188685920049635
SK,ACC,0.4468251210131943
AB,ACC,0.4695471639979064
BC,ACC,0.4674732438218832
YT,ACC,0.45867598370535373
NT,ACC,0.4715124282075218
NU,ACC,0.5243546340987397
USA,ACC,0.49686745677178107
ROW,ACC,0.42473901537664094
NL,PUB,0.6005856277197121
PE,PUB,0.5071919762169305
NS,PUB,0.5044489635734417
NB,PUB,0.4701444528919819
QC,PUB,0.41159508554919866
ON,PUB,0.42845029508494076
MB,PUB,0.507059061978171
SK,PUB,0.5563619050367186
AB,PUB,0.5423836153017855
BC,PUB,0.4639737314985858
YT,PUB,0.5752460311759213
NT,PUB,0.560500695410292
NU,PUB,0.48124904331853674
USA,PUB,0.5424281748508817
ROW,PUB,0.44887723831742243
NL,TEL,0.5990740542438094
PE,TEL,0.6675146205332325
NS,TEL,0.670341979107001
NB,TEL,0.6759775543858157
QC,TEL,0.5822701113459205
ON,TEL,0.5961701371357823
MB,TEL,0.6394079429461972
SK,TEL,0.628488501207511
AB,TEL,0.6443384158355816
BC,TEL,0.6279217830898673
YT,TEL,0.7719675657785869
NT,TEL,0.7152539829427507
NU,TEL,0.7754462565814819
USA,TEL,0.4708364504915015
ROW,TEL,0.49934558704184945
NL,ITS,0.7620170417588136
PE,ITS,0.677830920032586
NS,ITS,0.6007938862613464
NB,ITS,0.6332757020663327
QC,ITS,0.577953563696301
ON,ITS,0.5532962675296769
MB,ITS,0.6107931858322039
SK,ITS,0.6605866968642993
AB,ITS,0.6203938054216112
BC,ITS,0.5964588450880397
YT,ITS,0.6706573550604147
NT,ITS,0.5135021980322377
NU,ITS,0.6194295900178254
USA,ITS,0.6279022778168392
ROW,ITS,0.49950808096975885
NL,FIN,0.5871425769848481
PE,FIN,0.5851993592622132
NS,FIN,0.5750163928815614
NB,FIN,0.5848567715869044
QC,FIN,0.5444734741799404
ON,FIN,0.5553451111199377
MB,FIN,0.515134123896227
SK,FIN,0.5631040302930607
AB,FIN,0.5582295029586124
BC,FIN,0.5429921726468858
YT,FIN,0.4779455488835772
NT,FIN,0.615856379509594
NU,FIN,0.5470454808854451
USA,FIN,0.5600126019838942
ROW,FIN,0.5916766142846952
NL,REA,0.7885239273202155
PE,REA,0.7972266356312777
NS,REA,0.7773602085027027
NB,REA,0.7572104926154786
QC,REA,0.7031821026167
ON,REA,0.7407357105752536
MB,REA,0.7780220329819699
SK,REA,0.7764147293677811
AB,REA,0.7729613683610458
BC,REA,0.7950156311059771
YT,REA,0.8486975256805014
NT,REA,0.7900780181322358
NU,REA,0.8078830967612954
USA,REA,0.673500768423855
ROW,REA,0.7700632366195538
NL,PRF,0.6947387995435486
PE,PRF,0.7172206410640991
NS,PRF,0.6895944149978215
NB,PRF,0.7098327293455555
QC,PRF,0.6350797115820636
ON,PRF,0.6399743088844488
MB,PRF,0.6431049478545584
SK,PRF,0.6454845838142538
AB,PRF,0.6118890015093982
BC,PRF,0.6469076722839748
YT,PRF,0.6882331630167277
NT,PRF,0.5970118614601977
NU,PRF,0.6087715470216016
USA,PRF,0.63930417485337665
ROW,PRF,0.48919968397627056
NL,ADM,0.6472584980991618
PE,ADM,0.5971887729615355
NS,ADM,0.5764995391608388
NB,ADM,0.6181981160152791
QC,ADM,0.5995812779455549
ON,ADM,0.5831290907040088
MB,ADM,0.5539147974546735
SK,ADM,0.6214164239661375
AB,ADM,0.5845267078960551
BC,ADM,0.6113980328580212
YT,ADM,0.564277574664071
NT,ADM,0.6689313192630763
NU,ADM,0.7011152867014183
USA,ADM,0.5918621604940809
ROW,ADM,0.5954563420462031
NL,PAD,0.5460095475767742
PE,PAD,0.6210453453798491
NS,PAD,0.4675937551926364
NB,PAD,0.5831874460412305
QC,PAD,0.553365290327371
ON,PAD,0.5297858967949076
MB,PAD,0.47938728509151934
SK,PAD,0.516397534370834
AB,PAD,0.48338432499270617
BC,PAD,0.5038485721396118
YT,PAD,0.5786625165387345
NT,PAD,0.4709998491081162
NU,PAD,0.4910914259541192
USA,PAD,0.5785899134506584
ROW,PAD,0.672440351218735
NL,EDU,0.8282324062234596
PE,EDU,0.8070842323280026
NS,EDU,0.7623044621651114
NB,EDU,0.6918346781375444
QC,EDU,0.7897975893252653
ON,EDU,0.7990984676140623
MB,EDU,0.8089983199616609
SK,EDU,0.7693091534232913
AB,EDU,0.7851372942044544
BC,EDU,0.8086158859989534
YT,EDU,0.6722850407261536
NT,EDU,0.7448223553895144
NU,EDU,0.5585242090940016
USA,EDU,0.7218763749982121
ROW,EDU,0.7757614799860678
NL,HTH,0.6816994320024085
PE,HTH,0.673755581539524
NS,HTH,0.7273040340425532
NB,HTH,0.7114895093910483
QC,HTH,0.7268161472591795
ON,HTH,0.6584000763894248
MB,HTH,0.6777614700309128
SK,HTH,0.7542852779267165
AB,HTH,0.702188273897878
BC,HTH,0.6388056807262695
YT,HTH,0.738849674057958
NT,HTH,0.5814528689187687
NU,HTH,0.635470542556153
USA,HTH,0.6073903536421796
ROW,HTH,0.6124068164062333
NL,ART,0.47923204083408255
PE,ART,0.5542953643839996
NS,ART,0.4608357103576097
NB,ART,0.3967995790178679
QC,ART,0.48353428143569577
ON,ART,0.4604841828771329
MB,ART,0.5637670793364042
SK,ART,0.46149893496901884
AB,ART,0.48229834738322996
BC,ART,0.4948031937456065
YT,ART,0.5907515252357183
NT,ART,0.505501375343836
NU,ART,0.4850230414746544
USA,ART,0.5766041696390406
ROW,ART,0.5308841559785845
NL,OSV,0.5766558361961154
PE,OSV,0.5352905356780396
NS,OSV,0.5307129451329712
NB,OSV,0.5361891004817083
QC,OSV,0.5198545527881702
ON,OSV,0.5125135487361061
MB,OSV,0.5317931653350348
SK,OSV,0.555783410261548
AB,OSV,0.5512044075120364
BC,OSV,0.5511670935856449
YT,OSV,0.5189387427654575
NT,OSV,0.6037667830935367
NU,OSV,0.5256311058724843
USA,OSV,0.5854410543440997
ROW,OSV,0.6628316372023773
