sector_id,boc_components,detail,theta_base,adjustment,theta
AGR,Farm,"Farm: theta2016 = 1.1 (s.e. 0.2, t = 5.50) -> theta2016 1.1",1.1,2,3.1
MIE,Oil and gas,"Oil and gas: theta2016 = 18.2 (s.e. 2.1, t = 8.67) -> theta2016 18.2",18.2,2,20.2
MIN,Ores,"Ores: theta2016 = 43.0 (s.e. 9.4, t = 4.57) -> theta2016 43.0",43,2,45
MIS,,services value 5.00,5,2,7
FOD,Food,"Food: theta2016 = 1.5 (s.e. 0.4, t = 3.75) -> theta2016 1.5",1.5,2,3.5
TEX,Clothing,"Clothing: theta2016 = 1.7 (s.e. 1.0, t = 1.70) -> theta1993 5.6",5.6,2,7.6
WOD,Wood,"Wood: theta2016 = 15.8 (s.e. 1.0, t = 15.80) -> theta2016 15.8",15.8,2,17.8
PAP,Paper; Printing,"Paper: theta2016 = 9.1 (s.e. 1.8, t = 5.06) -> theta2016 9.1 | Printing: theta2016 = 8.3 (s.e. 2.2, t = 3.77) -> theta2016 8.3",8.7,2,10.7
PET,Other energy,"Other energy: theta2016 = 69.1 (s.e. 5.6, t = 12.34) -> theta2016 69.1",69.1,2,71.1
CHM,Chemicals,"Chemicals: theta2016 = 2.2 (s.e. 1.8, t = 1.22) -> theta1993 4.8",4.8,2,6.8
RUB,Rubber,"Rubber: theta2016 = 5.0 (s.e. 2.2, t = 2.27) -> theta2016 5.0",5,2,7
NMM,Non-metal products,"Non-metal products: theta2016 = 3.0 (s.e. 1.4, t = 2.14) -> theta2016 3.0",3,2,5
BMT,Metals (intermediate),"Metals (intermediate): theta2016 = 6.2 (s.e. 1.9, t = 3.26) -> theta2016 6.2",6.2,2,8.2
FMT,Metals (fabricated),"Metals (fabricated): theta2016 = 9.6 (s.e. 2.2, t = 4.36) -> theta2016 9.6",9.6,2,11.6
ELC,Medical and communication,"Medical and communication: theta2016 = 9.8 (s.e. 4.4, t = 2.23) -> theta2016 9.8",9.8,2,11.8
ELQ,Electrical machinery,"Electrical machinery: theta2016 = 12.3 (s.e. 3.5, t = 3.51) -> theta2016 12.3",12.3,2,14.3
MAC,"Machinery, n.e.c.","Machinery, n.e.c.: theta2016 = 13.0 (s.e. 2.5, t = 5.20) -> theta2016 13.0",13,2,15
MTV,Auto,"Auto: theta2016 = 4.5 (s.e. 2.3, t = 1.96) -> theta1993 1.0",1,2,3
OTE,Other transportation,"Other transportation: theta2016 = 8.7 (s.e. 0.6, t = 14.50) -> theta2016 8.7",8.7,2,10.7
MFN,"Other manufacturing, n.e.c.","Other manufacturing, n.e.c.: theta2016 = 2.9 (s.e. 1.9, t = 1.53) -> theta1993 5.0",5,2,7
UTL,,services value 5.00,5,2,7
CON,,services value 5.00,5,2,7
TRD,,services value 5.00,5,2,7
TRN,,services value 5.00,5,2,7
ACC,,services value 5.00,5,2,7
PUB,,services value 5.00,5,2,7
TEL,,services value 5.00,5,2,7
ITS,,services value 5.00,5,2,7
FIN,,services value 5.00,5,2,7
REA,,services value 5.00,5,2,7
PRF,,services value 5.00,5,2,7
ADM,,services value 5.00,5,2,7
PAD,,services value 5.00,5,2,7
EDU,,services value 5.00,5,2,7
HTH,,services value 5.00,5,2,7
ART,,services value 5.00,5,2,7
OSV,,services value 5.00,5,2,7
