group,key,pairs,measured_cost,geography,nongeography,nondistance_contribution,nondistance_floor,asymmetry_contribution
all,all,3254,56.25501227487195,58.153890003853775,-2.517467418799844,2.9690228880842735,9.8073794989778,10.016160677257016
sector,ACC,152,73.65929939673822,42.46583592505655,30.931642353597525,22.44785203072386,22.44785203072386,12.889354054805684
sector,ADM,150,55.252628482070556,49.756675243753925,5.312680385241442,4.9163852697983295,8.637654707731768,6.971455794489838
sector,AGR,102,202.26715977705285,310.49501612886587,-108.39978210884202,-16.55421074203155,4.12100421669596,55.93457498629122
sector,ART,132,81.79273295594304,58.32625855167767,23.261548088491082,17.48506901439114,19.435684960506915,10.319648367104156
sector,BMT,50,27.156540715404333,25.72855819891867,1.4279825164856594,2.501064120956691,7.428382692217178,10.32242046897876
sector,CHM,122,40.39964047539274,25.56432410600911,14.807533359231392,12.550938086749728,13.3694736618903,13.749904250630768
sector,EDU,108,134.24974082431476,44.97015719088587,88.94503413740503,62.90666437129723,62.90666437129723,9.55726698220296
sector,ELC,66,31.75462260611124,3.9030139918047504,27.85160861430649,26.86821501099567,26.86821501099567,2.4638062935952947
sector,ELQ,54,12.895953445232367,10.667091336941128,2.2288621082912363,2.1274209500034256,3.3624672402188467,4.9978685670849865
sector,FIN,150,57.60147904774372,44.509551027136126,12.904227089961546,9.997621639756247,12.101018483550574,10.683715479176227
sector,FMT,86,25.999578989455316,25.042972237133608,0.925792014752604,1.007502255561995,2.5889676924840894,6.808397836836023
sector,FOD,102,63.16466159195265,84.14395870522904,-21.082553009747162,-10.625515247811506,1.7648984730450092,7.417802657587603
sector,HTH,112,166.25770272830587,77.09148545666872,89.17246130163687,52.07525164582803,52.07525164582803,6.801186141882046
sector,ITS,96,38.7220513945768,30.599375298487924,8.112218001122686,6.488444849153969,7.6117553522536845,7.145660851832862
sector,MAC,70,16.878841062324657,18.997533414936562,-2.118692352611908,-1.597054962612538,1.0878126454719288,3.5349015684375646
sector,MFN,112,51.77659095463722,54.67945950327633,-3.038097891912406,-1.1508203794687026,4.19979761916412,9.103657178572043
sector,MIE,12,9.781165939992139,91.42320231032342,-81.6420363703313,-42.12410092085503,0,7.09165940234755
sector,MIN,46,4.0507070602599855,1.8723959541725408,2.178311106087445,2.1115000850667247,2.113977174717963,2.7943923960986066
sector,MIS,32,67.98676126810217,-22.017948939361776,89.72611867819278,117.57505465889341,117.57505465889341,35.81046842671457
sector,MTV,56,193.93791678352946,155.923624160507,38.01429262302243,17.815303097142007,20.890210763054604,26.75138141284431
sector,NMM,70,83.08282038823741,88.7673552204464,-5.747770371298165,-0.959042641777199,5.2963327210192395,18.103787896432856
sector,OSV,124,109.76216537914121,77.15829936047376,32.37055630666819,21.36060145137205,23.400690479819293,9.546857385464264
sector,OTE,60,22.452516556814825,33.090821707124796,-10.638305150309966,-7.49647930579147,1.5683420910446353,4.909512963046052
sector,PAP,82,27.26306146004093,41.811690594878954,-14.551910611770005,-9.84492043435073,0.23762984414994978,7.890825756302881
sector,PET,42,4.202128774338134,3.1403061205370433,1.0618226538010913,1.0306238961413325,1.0313077202097918,0.5154817248809309
sector,PRF,126,72.12254382628579,47.12904644558177,24.31873637320538,17.87788291400759,17.993228715571217,4.82083093899176
sector,PUB,124,27.29327266206598,37.86645168458697,-10.704322021879358,-7.111191345262475,1.9206636928698202,9.786255908938196
sector,REA,106,165.1715310195713,58.819410366614576,105.69097446489162,71.18772642995972,71.18772642995972,16.343616125691685
sector,RUB,70,41.57017419990821,47.14585842806035,-5.608298767771391,-3.3715241050855105,1.3639402550620832,5.104190757468741
sector,TEL,156,79.94201231615375,2.1513966082937843,77.4873167843895,75.75387765882644,75.75387765882644,12.06248656174594
sector,TEX,80,24.913892154097905,38.40624531390175,-13.492353159803852,-9.188853923675827,1.6105455239681163,9.011439260616507
sector,TRD,148,67.1253173921332,57.19937295485387,9.671659512357715,7.924196498194937,11.468101240877575,8.308389529628034
sector,TRN,156,55.283886790292726,46.7080984577944,8.405987606754378,6.7787297642995785,9.040165268864515,9.4414692890151
sector,UTL,26,115.8135163359076,,,,,
sector,WOD,74,14.055639861369082,20.864634010443822,-6.808994149074741,-5.473168066751351,0.16887481606280594,3.4627366230753998
exporter,AB,321,45.7294862389613,66.60303379198906,-21.275755675163424,-4.666457800690591,10.514942200628953,7.003606712303879
exporter,BC,317,56.35074762882251,62.70609467328754,-7.1902308787073865,-1.1213856732202518,8.76531516705214,7.6277167556866114
exporter,MB,281,82.73166408539325,105.9726255983525,-23.867513803080335,-0.2736218018595293,8.034916036374637,24.672415121647365
exporter,NB,288,56.65891933277161,40.335050579398086,15.671984290896285,12.842851326904318,13.741963275278854,22.746580845159688
exporter,NL,232,115.54770890113059,112.44956862151074,3.146395811134262,15.143476031960473,21.51937261914915,37.386580620230916
exporter,NS,289,71.27508265112152,53.190887877680424,18.045233040671683,16.010534949161222,19.722728235410738,18.95536187365847
exporter,NT,146,64.10941274180067,53.313848877044585,10.71516583260769,11.912977167245922,22.469135136233295,44.866568504166374
exporter,NU,111,46.02543674369062,23.06234225465471,22.784578459152144,15.7495860133168,15.76728708826389,31.93384163957289
exporter,ON,339,54.817516126707645,53.01043431824449,1.5082220672051796,3.3754518534680087,8.32025438898663,0.6716424931395631
exporter,PE,215,104.88159151930952,85.70777524352496,19.236211429792938,17.338494140303936,20.18989217229647,46.310666762498556
exporter,QC,313,51.508101551501895,42.63841296663785,7.685963423184371,7.0781137350926695,9.778789664789986,13.718876273211015
exporter,SK,267,80.02589379562764,77.73518374099,1.5704722808588254,8.501536433266562,12.82747526733965,49.4814699560271
exporter,YT,135,114.59573109585972,,,,,
importer,AB,321,53.17111468583632,60.4363151281383,-7.610397549301488,-2.095216234741688,6.27854545413008,8.317787945730462
importer,BC,317,52.83261134090646,57.65531609118208,-4.918754282664117,0.013991674637013778,7.786658147243956,6.771462565608531
importer,MB,281,73.6245804908344,64.79001609047579,8.740242552718009,7.923232819977469,10.517868289966197,6.088074494596192
importer,NB,288,80.18926437280743,48.55617642448439,29.04570638049695,21.281069226044426,21.822927330080486,2.4469565055927993
importer,NL,232,89.21508634171013,54.13716460050639,35.04836426336772,24.410033288383897,25.149891234209875,1.218266751751238
importer,NS,289,75.04225407867905,55.39506733823958,19.28348467480824,14.439228256149127,16.077562707018146,2.811640208274871
importer,NT,146,105.65199899223629,48.37146623615182,57.372259578045004,39.70661490187396,40.31478777935172,0.6044680309136317
importer,NU,111,104.07406217540547,41.36197791445413,62.745206608795755,43.99469423665287,44.05064868238216,0.27724362478416287
importer,ON,339,46.41733940788856,65.96397290052592,-20.346946701281613,-5.123098881423452,5.792994927634431,23.09605819113433
importer,PE,215,92.25829512215336,57.80407148778238,35.33358398728952,24.973887538525535,25.81704419431937,1.4412635725045617
importer,QC,313,55.632895042482666,48.44356336854842,6.977570448799137,9.552503889528472,12.53794133497732,3.4594099265848963
importer,SK,267,60.14799369340785,49.158382653167365,10.448981729752626,9.847643378008328,15.457717827608642,0.52027029578587
importer,YT,135,123.2975690829279,,,,,
